Alloy,Al-Al,Al-Cr,Al-Fe,Al-Hf,Al-Mo,Al-Nb,Al-Ni,Al-Sc,Al-Si,Al-Ta,Al-Ti,Al-V,Al-W,Al-Zr,Al-Co,Al-Cu,Cr-Cr,Cr-Fe,Cr-Hf,Cr-Mo,Cr-Nb,Cr-Ni,Cr-Sc,Cr-Si,Cr-Ta,Cr-Ti,Cr-V,Cr-W,Cr-Zr,Cr-Co,Cr-Cu,Fe-Fe,Fe-Hf,Fe-Mo,Fe-Nb,Fe-Ni,Fe-Sc,Fe-Si,Fe-Ta,Fe-Ti,Fe-V,Fe-W,Fe-Zr,Fe-Co,Fe-Cu,Hf-Hf,Hf-Mo,Hf-Nb,Hf-Ni,Hf-Sc,Hf-Si,Hf-Ta,Hf-Ti,Hf-V,Hf-W,Hf-Zr,Hf-Co,Hf-Cu,Mo-Mo,Mo-Nb,Mo-Ni,Mo-Sc,Mo-Si,Mo-Ta,Mo-Ti,Mo-V,Mo-W,Mo-Zr,Mo-Co,Mo-Cu,Nb-Nb,Nb-Ni,Nb-Sc,Nb-Si,Nb-Ta,Nb-Ti,Nb-V,Nb-W,Nb-Zr,Nb-Co,Nb-Cu,Ni-Ni,Ni-Sc,Ni-Si,Ni-Ta,Ni-Ti,Ni-V,Ni-W,Ni-Zr,Ni-Co,Ni-Cu,Sc-Sc,Sc-Si,Sc-Ta,Sc-Ti,Sc-V,Sc-W,Sc-Zr,Sc-Co,Sc-Cu,Si-Si,Si-Ta,Si-Ti,Si-V,Si-W,Si-Zr,Si-Co,Si-Cu,Ta-Ta,Ta-Ti,Ta-V,Ta-W,Ta-Zr,Ta-Co,Ta-Cu,Ti-Ti,Ti-V,Ti-W,Ti-Zr,Ti-Co,Ti-Cu,V-V,V-W,V-Zr,V-Co,V-Cu,W-W,W-Zr,W-Co,W-Cu,Zr-Zr,Zr-Co,Zr-Cu,Co-Co,Co-Cu,Cu-Cu
Nb25Mo25Ta25W25,0.0,0.0,0.0,0.0,0.0,0.0,0.0,0.0,0.0,0.0,0.0,0.0,0.0,0.0,0.0,0.0,0.0,0.0,0.0,0.0,0.0,0.0,0.0,0.0,0.0,0.0,0.0,0.0,0.0,0.0,0.0,0.0,0.0,0.0,0.0,0.0,0.0,0.0,0.0,0.0,0.0,0.0,0.0,0.0,0.0,0.0,0.0,0.0,0.0,0.0,0.0,0.0,0.0,0.0,0.0,0.0,0.0,0.0,0.1,0.1,0.0,0.0,0.0,0.1,0.0,0.0,0.1,0.0,0.0,0.0,0.1,0.0,0.0,0.0,0.1,0.0,0.0,0.1,0.0,0.0,0.0,0.0,0.0,0.0,0.0,0.0,0.0,0.0,0.0,0.0,0.0,0.0,0.0,0.0,0.0,0.0,0.0,0.0,0.0,0.0,0.0,0.0,0.0,0.0,0.0,0.0,0.0,0.0,0.1,0.0,0.0,0.1,0.0,0.0,0.0,0.0,0.0,0.0,0.0,0.0,0.0,0.0,0.0,0.0,0.0,0.0,0.1,0.0,0.0,0.0,0.0,0.0,0.0,0.0,0.0,0.0
V20Nb20Mo20Ta20W20,0.0,0.0,0.0,0.0,0.0,0.0,0.0,0.0,0.0,0.0,0.0,0.0,0.0,0.0,0.0,0.0,0.0,0.0,0.0,0.0,0.0,0.0,0.0,0.0,0.0,0.0,0.0,0.0,0.0,0.0,0.0,0.0,0.0,0.0,0.0,0.0,0.0,0.0,0.0,0.0,0.0,0.0,0.0,0.0,0.0,0.0,0.0,0.0,0.0,0.0,0.0,0.0,0.0,0.0,0.0,0.0,0.0,0.0,0.06666666666666667,0.06666666666666667,0.0,0.0,0.0,0.06666666666666667,0.0,0.06666666666666667,0.06666666666666667,0.0,0.0,0.0,0.06666666666666667,0.0,0.0,0.0,0.06666666666666667,0.0,0.06666666666666667,0.06666666666666667,0.0,0.0,0.0,0.0,0.0,0.0,0.0,0.0,0.0,0.0,0.0,0.0,0.0,0.0,0.0,0.0,0.0,0.0,0.0,0.0,0.0,0.0,0.0,0.0,0.0,0.0,0.0,0.0,0.0,0.0,0.06666666666666667,0.0,0.06666666666666667,0.06666666666666667,0.0,0.0,0.0,0.0,0.0,0.0,0.0,0.0,0.0,0.06666666666666667,0.06666666666666667,0.0,0.0,0.0,0.06666666666666667,0.0,0.0,0.0,0.0,0.0,0.0,0.0,0.0,0.0
HfMoTaTiZr,0.0,0.0,0.0,0.0,0.0,0.0,0.0,0.0,0.0,0.0,0.0,0.0,0.0,0.0,0.0,0.0,0.0,0.0,0.0,0.0,0.0,0.0,0.0,0.0,0.0,0.0,0.0,0.0,0.0,0.0,0.0,0.0,0.0,0.0,0.0,0.0,0.0,0.0,0.0,0.0,0.0,0.0,0.0,0.0,0.0,0.06666666666666667,0.06666666666666667,0.0,0.0,0.0,0.0,0.06666666666666667,0.06666666666666667,0.0,0.0,0.06666666666666667,0.0,0.0,0.06666666666666667,0.0,0.0,0.0,0.0,0.06666666666666667,0.06666666666666667,0.0,0.0,0.06666666666666667,0.0,0.0,0.0,0.0,0.0,0.0,0.0,0.0,0.0,0.0,0.0,0.0,0.0,0.0,0.0,0.0,0.0,0.0,0.0,0.0,0.0,0.0,0.0,0.0,0.0,0.0,0.0,0.0,0.0,0.0,0.0,0.0,0.0,0.0,0.0,0.0,0.0,0.0,0.0,0.0,0.06666666666666667,0.06666666666666667,0.0,0.0,0.06666666666666667,0.0,0.0,0.06666666666666667,0.0,0.0,0.06666666666666667,0.0,0.0,0.0,0.0,0.0,0.0,0.0,0.0,0.0,0.0,0.0,0.06666666666666667,0.0,0.0,0.0,0.0,0.0
HfMoNbTaTiZr,0.0,0.0,0.0,0.0,0.0,0.0,0.0,0.0,0.0,0.0,0.0,0.0,0.0,0.0,0.0,0.0,0.0,0.0,0.0,0.0,0.0,0.0,0.0,0.0,0.0,0.0,0.0,0.0,0.0,0.0,0.0,0.0,0.0,0.0,0.0,0.0,0.0,0.0,0.0,0.0,0.0,0.0,0.0,0.0,0.0,0.04761904761904761,0.04761904761904761,0.04761904761904761,0.0,0.0,0.0,0.04761904761904761,0.04761904761904761,0.0,0.0,0.04761904761904761,0.0,0.0,0.04761904761904761,0.04761904761904761,0.0,0.0,0.0,0.04761904761904761,0.04761904761904761,0.0,0.0,0.04761904761904761,0.0,0.0,0.04761904761904761,0.0,0.0,0.0,0.04761904761904761,0.04761904761904761,0.0,0.0,0.04761904761904761,0.0,0.0,0.0,0.0,0.0,0.0,0.0,0.0,0.0,0.0,0.0,0.0,0.0,0.0,0.0,0.0,0.0,0.0,0.0,0.0,0.0,0.0,0.0,0.0,0.0,0.0,0.0,0.0,0.0,0.04761904761904761,0.04761904761904761,0.0,0.0,0.04761904761904761,0.0,0.0,0.04761904761904761,0.0,0.0,0.04761904761904761,0.0,0.0,0.0,0.0,0.0,0.0,0.0,0.0,0.0,0.0,0.0,0.04761904761904761,0.0,0.0,0.0,0.0,0.0
TiNbMoTaW,0.0,0.0,0.0,0.0,0.0,0.0,0.0,0.0,0.0,0.0,0.0,0.0,0.0,0.0,0.0,0.0,0.0,0.0,0.0,0.0,0.0,0.0,0.0,0.0,0.0,0.0,0.0,0.0,0.0,0.0,0.0,0.0,0.0,0.0,0.0,0.0,0.0,0.0,0.0,0.0,0.0,0.0,0.0,0.0,0.0,0.0,0.0,0.0,0.0,0.0,0.0,0.0,0.0,0.0,0.0,0.0,0.0,0.0,0.06666666666666667,0.06666666666666667,0.0,0.0,0.0,0.06666666666666667,0.06666666666666667,0.0,0.06666666666666667,0.0,0.0,0.0,0.06666666666666667,0.0,0.0,0.0,0.06666666666666667,0.06666666666666667,0.0,0.06666666666666667,0.0,0.0,0.0,0.0,0.0,0.0,0.0,0.0,0.0,0.0,0.0,0.0,0.0,0.0,0.0,0.0,0.0,0.0,0.0,0.0,0.0,0.0,0.0,0.0,0.0,0.0,0.0,0.0,0.0,0.0,0.06666666666666667,0.06666666666666667,0.0,0.06666666666666667,0.0,0.0,0.0,0.06666666666666667,0.0,0.06666666666666667,0.0,0.0,0.0,0.0,0.0,0.0,0.0,0.0,0.06666666666666667,0.0,0.0,0.0,0.0,0.0,0.0,0.0,0.0,0.0
TiVNbMoTaW,0.0,0.0,0.0,0.0,0.0,0.0,0.0,0.0,0.0,0.0,0.0,0.0,0.0,0.0,0.0,0.0,0.0,0.0,0.0,0.0,0.0,0.0,0.0,0.0,0.0,0.0,0.0,0.0,0.0,0.0,0.0,0.0,0.0,0.0,0.0,0.0,0.0,0.0,0.0,0.0,0.0,0.0,0.0,0.0,0.0,0.0,0.0,0.0,0.0,0.0,0.0,0.0,0.0,0.0,0.0,0.0,0.0,0.0,0.04761904761904762,0.04761904761904762,0.0,0.0,0.0,0.04761904761904762,0.04761904761904762,0.04761904761904762,0.04761904761904762,0.0,0.0,0.0,0.04761904761904762,0.0,0.0,0.0,0.04761904761904762,0.04761904761904762,0.04761904761904762,0.04761904761904762,0.0,0.0,0.0,0.0,0.0,0.0,0.0,0.0,0.0,0.0,0.0,0.0,0.0,0.0,0.0,0.0,0.0,0.0,0.0,0.0,0.0,0.0,0.0,0.0,0.0,0.0,0.0,0.0,0.0,0.0,0.04761904761904762,0.04761904761904762,0.04761904761904762,0.04761904761904762,0.0,0.0,0.0,0.04761904761904762,0.04761904761904762,0.04761904761904762,0.0,0.0,0.0,0.04761904761904762,0.04761904761904762,0.0,0.0,0.0,0.04761904761904762,0.0,0.0,0.0,0.0,0.0,0.0,0.0,0.0,0.0
AlNbTiV,0.12178553556954276,0.0,0.0,0.0,0.0,0.10634171765311523,0.0,0.0,0.0,0.0,0.10943048123640073,0.10369420601029908,0.0,0.0,0.0,0.0,0.0,0.0,0.0,0.0,0.0,0.0,0.0,0.0,0.0,0.0,0.0,0.0,0.0,0.0,0.0,0.0,0.0,0.0,0.0,0.0,0.0,0.0,0.0,0.0,0.0,0.0,0.0,0.0,0.0,0.0,0.0,0.0,0.0,0.0,0.0,0.0,0.0,0.0,0.0,0.0,0.0,0.0,0.0,0.0,0.0,0.0,0.0,0.0,0.0,0.0,0.0,0.0,0.0,0.0,0.09285635490724917,0.0,0.0,0.0,0.0,0.09555342745642238,0.09054457843652927,0.0,0.0,0.0,0.0,0.0,0.0,0.0,0.0,0.0,0.0,0.0,0.0,0.0,0.0,0.0,0.0,0.0,0.0,0.0,0.0,0.0,0.0,0.0,0.0,0.0,0.0,0.0,0.0,0.0,0.0,0.0,0.0,0.0,0.0,0.0,0.0,0.0,0.0,0.09832883821241806,0.09317450395128324,0.0,0.0,0.0,0.0,0.08829035656674016,0.0,0.0,0.0,0.0,0.0,0.0,0.0,0.0,0.0,0.0,0.0,0.0,0.0,0.0
AlCr0.5NbTiV,0.10801545338273495,0.04303740720718345,0.0,0.0,0.0,0.09366965098034045,0.0,0.0,0.0,0.0,0.09029416806212999,0.08691868514391952,0.0,0.0,0.0,0.0,0.017147716934112156,0.0,0.0,0.0,0.037321501562479396,0.0,0.0,0.0,0.0,0.03597658258725491,0.03463166361203043,0.0,0.0,0.0,0.0,0.0,0.0,0.0,0.0,0.0,0.0,0.0,0.0,0.0,0.0,0.0,0.0,0.0,0.0,0.0,0.0,0.0,0.0,0.0,0.0,0.0,0.0,0.0,0.0,0.0,0.0,0.0,0.0,0.0,0.0,0.0,0.0,0.0,0.0,0.0,0.0,0.0,0.0,0.0,0.08122915045951398,0.0,0.0,0.0,0.0,0.07830197386637834,0.07537479727324271,0.0,0.0,0.0,0.0,0.0,0.0,0.0,0.0,0.0,0.0,0.0,0.0,0.0,0.0,0.0,0.0,0.0,0.0,0.0,0.0,0.0,0.0,0.0,0.0,0.0,0.0,0.0,0.0,0.0,0.0,0.0,0.0,0.0,0.0,0.0,0.0,0.0,0.0,0.07548028111443678,0.07265858836249522,0.0,0.0,0.0,0.0,0.06994237945174775,0.0,0.0,0.0,0.0,0.0,0.0,0.0,0.0,0.0,0.0,0.0,0.0,0.0,0.0
AlCrNbTiV,0.08731566074083694,0.07168272584837268,0.0,0.0,0.0,0.07702080117750681,0.0,0.0,0.0,0.0,0.07358918132306344,0.07168272584837268,0.0,0.0,0.0,0.0,0.05884870069648064,0.0,0.0,0.0,0.06323105074834622,0.0,0.0,0.0,0.0,0.06041382571500406,0.05884870069648064,0.0,0.0,0.0,0.0,0.0,0.0,0.0,0.0,0.0,0.0,0.0,0.0,0.0,0.0,0.0,0.0,0.0,0.0,0.0,0.0,0.0,0.0,0.0,0.0,0.0,0.0,0.0,0.0,0.0,0.0,0.0,0.0,0.0,0.0,0.0,0.0,0.0,0.0,0.0,0.0,0.0,0.0,0.0,0.06793974601684008,0.0,0.0,0.0,0.0,0.06491272762995116,0.06323105074834622,0.0,0.0,0.0,0.0,0.0,0.0,0.0,0.0,0.0,0.0,0.0,0.0,0.0,0.0,0.0,0.0,0.0,0.0,0.0,0.0,0.0,0.0,0.0,0.0,0.0,0.0,0.0,0.0,0.0,0.0,0.0,0.0,0.0,0.0,0.0,0.0,0.0,0.0,0.062020576398913736,0.06041382571500406,0.0,0.0,0.0,0.0,0.05884870069648064,0.0,0.0,0.0,0.0,0.0,0.0,0.0,0.0,0.0,0.0,0.0,0.0,0.0,0.0
AlCr1.5NbTiV,0.07819066706739751,0.09008141367211696,0.0,0.0,0.0,0.06738089742674347,0.0,0.0,0.0,0.0,0.06413796653454727,0.06053470998766259,0.0,0.0,0.0,0.0,0.10378043049783059,0.0,0.0,0.0,0.07762776201237728,0.0,0.0,0.0,0.0,0.07389166651445538,0.06974044929454215,0.0,0.0,0.0,0.0,0.0,0.0,0.0,0.0,0.0,0.0,0.0,0.0,0.0,0.0,0.0,0.0,0.0,0.0,0.0,0.0,0.0,0.0,0.0,0.0,0.0,0.0,0.0,0.0,0.0,0.0,0.0,0.0,0.0,0.0,0.0,0.0,0.0,0.0,0.0,0.0,0.0,0.0,0.0,0.05806556598525821,0.0,0.0,0.0,0.0,0.05527096655281263,0.05216585607231754,0.0,0.0,0.0,0.0,0.0,0.0,0.0,0.0,0.0,0.0,0.0,0.0,0.0,0.0,0.0,0.0,0.0,0.0,0.0,0.0,0.0,0.0,0.0,0.0,0.0,0.0,0.0,0.0,0.0,0.0,0.0,0.0,0.0,0.0,0.0,0.0,0.0,0.0,0.05261086655829224,0.04965519989771402,0.0,0.0,0.0,0.0,0.046865581925932334,0.0,0.0,0.0,0.0,0.0,0.0,0.0,0.0,0.0,0.0,0.0,0.0,0.0,0.0
HfMoTaTiZr,0.0,0.0,0.0,0.0,0.0,0.0,0.0,0.0,0.0,0.0,0.0,0.0,0.0,0.0,0.0,0.0,0.0,0.0,0.0,0.0,0.0,0.0,0.0,0.0,0.0,0.0,0.0,0.0,0.0,0.0,0.0,0.0,0.0,0.0,0.0,0.0,0.0,0.0,0.0,0.0,0.0,0.0,0.0,0.0,0.0,0.06666666666666667,0.06666666666666667,0.0,0.0,0.0,0.0,0.06666666666666667,0.06666666666666667,0.0,0.0,0.06666666666666667,0.0,0.0,0.06666666666666667,0.0,0.0,0.0,0.0,0.06666666666666667,0.06666666666666667,0.0,0.0,0.06666666666666667,0.0,0.0,0.0,0.0,0.0,0.0,0.0,0.0,0.0,0.0,0.0,0.0,0.0,0.0,0.0,0.0,0.0,0.0,0.0,0.0,0.0,0.0,0.0,0.0,0.0,0.0,0.0,0.0,0.0,0.0,0.0,0.0,0.0,0.0,0.0,0.0,0.0,0.0,0.0,0.0,0.06666666666666667,0.06666666666666667,0.0,0.0,0.06666666666666667,0.0,0.0,0.06666666666666667,0.0,0.0,0.06666666666666667,0.0,0.0,0.0,0.0,0.0,0.0,0.0,0.0,0.0,0.0,0.0,0.06666666666666667,0.0,0.0,0.0,0.0,0.0
Al0.3NbTa0.8Ti1.4V0.2Zr1.3,0.004425148064079549,0.0,0.0,0.0,0.0,0.01991316628835797,0.0,0.0,0.0,0.01123306816266347,0.023572423341346824,0.0036592570529888576,0.0,0.022295938322862342,0.0,0.0,0.0,0.0,0.0,0.0,0.0,0.0,0.0,0.0,0.0,0.0,0.0,0.0,0.0,0.0,0.0,0.0,0.0,0.0,0.0,0.0,0.0,0.0,0.0,0.0,0.0,0.0,0.0,0.0,0.0,0.0,0.0,0.0,0.0,0.0,0.0,0.0,0.0,0.0,0.0,0.0,0.0,0.0,0.0,0.0,0.0,0.0,0.0,0.0,0.0,0.0,0.0,0.0,0.0,0.0,0.08960924829761086,0.0,0.0,0.0,0.050548806731985606,0.10607590503606071,0.016466656738449856,0.0,0.10033172245288052,0.0,0.0,0.0,0.0,0.0,0.0,0.0,0.0,0.0,0.0,0.0,0.0,0.0,0.0,0.0,0.0,0.0,0.0,0.0,0.0,0.0,0.0,0.0,0.0,0.0,0.0,0.0,0.0,0.0,0.028514711489838036,0.05983769002034194,0.009288883288356331,0.0,0.05659738189649671,0.0,0.0,0.1255684858760206,0.019492580839959875,0.0,0.11876874837370902,0.0,0.0,0.0030259241015100167,0.0,0.018437025920828475,0.0,0.0,0.0,0.0,0.0,0.0,0.11233722770365256,0.0,0.0,0.0,0.0,0.0
Al0.3NbTaTi1.4Zr1.3,0.005278489464953853,0.0,0.0,0.0,0.0,0.021762193408143077,0.0,0.0,0.0,0.016298493786524176,0.025188581306446453,0.0,0.0,0.024077320366456174,0.0,0.0,0.0,0.0,0.0,0.0,0.0,0.0,0.0,0.0,0.0,0.0,0.0,0.0,0.0,0.0,0.0,0.0,0.0,0.0,0.0,0.0,0.0,0.0,0.0,0.0,0.0,0.0,0.0,0.0,0.0,0.0,0.0,0.0,0.0,0.0,0.0,0.0,0.0,0.0,0.0,0.0,0.0,0.0,0.0,0.0,0.0,0.0,0.0,0.0,0.0,0.0,0.0,0.0,0.0,0.0,0.089721323700239,0.0,0.0,0.0,0.06719554455847687,0.10384765977219151,0.0,0.0,0.09926614537047719,0.0,0.0,0.0,0.0,0.0,0.0,0.0,0.0,0.0,0.0,0.0,0.0,0.0,0.0,0.0,0.0,0.0,0.0,0.0,0.0,0.0,0.0,0.0,0.0,0.0,0.0,0.0,0.0,0.0,0.050325173796986936,0.07777526859534344,0.0,0.0,0.07434400674554888,0.0,0.0,0.12019814237462166,0.0,0.0,0.11489528315221188,0.0,0.0,0.0,0.0,0.0,0.0,0.0,0.0,0.0,0.0,0.0,0.10982637360137902,0.0,0.0,0.0,0.0,0.0
Al0.4Hf0.6NbTaTiZr,0.010560907551023516,0.0,0.0,0.017111343880139365,0.0,0.030746946034625428,0.0,0.0,0.0,0.02245863884268292,0.025265968698018282,0.0,0.0,0.027538569057099293,0.0,0.0,0.0,0.0,0.0,0.0,0.0,0.0,0.0,0.0,0.0,0.0,0.0,0.0,0.0,0.0,0.0,0.0,0.0,0.0,0.0,0.0,0.0,0.0,0.0,0.0,0.0,0.0,0.0,0.0,0.0,0.02772470907161822,0.0,0.049817836613063986,0.0,0.0,0.0,0.03638868065649891,0.04093726573856127,0.0,0.0,0.044619453662135565,0.0,0.0,0.0,0.0,0.0,0.0,0.0,0.0,0.0,0.0,0.0,0.0,0.0,0.0,0.08951642516409933,0.0,0.0,0.0,0.06538591055464647,0.07355914937397728,0.0,0.0,0.08017558079914984,0.0,0.0,0.0,0.0,0.0,0.0,0.0,0.0,0.0,0.0,0.0,0.0,0.0,0.0,0.0,0.0,0.0,0.0,0.0,0.0,0.0,0.0,0.0,0.0,0.0,0.0,0.0,0.0,0.0,0.047760143361654815,0.053730161281861664,0.0,0.0,0.05856303293155293,0.0,0.0,0.06044643144209436,0.0,0.0,0.06588341204799704,0.0,0.0,0.0,0.0,0.0,0.0,0.0,0.0,0.0,0.0,0.0,0.07180943323749943,0.0,0.0,0.0,0.0,0.0
Al0.5NbTa0.8Ti1.5V0.2Zr,0.021224960646805284,0.0,0.0,0.0,0.0,0.04188642676316441,0.0,0.0,0.0,0.02460592782948223,0.052404991331492685,0.00845241795669237,0.0,0.039256785621082334,0.0,0.0,0.0,0.0,0.0,0.0,0.0,0.0,0.0,0.0,0.0,0.0,0.0,0.0,0.0,0.0,0.0,0.0,0.0,0.0,0.0,0.0,0.0,0.0,0.0,0.0,0.0,0.0,0.0,0.0,0.0,0.0,0.0,0.0,0.0,0.0,0.0,0.0,0.0,0.0,0.0,0.0,0.0,0.0,0.0,0.0,0.0,0.0,0.0,0.0,0.0,0.0,0.0,0.0,0.0,0.0,0.08266082449721826,0.0,0.0,0.0,0.04855860093782777,0.10341869970728203,0.016680435436658394,0.0,0.07747135569470232,0.0,0.0,0.0,0.0,0.0,0.0,0.0,0.0,0.0,0.0,0.0,0.0,0.0,0.0,0.0,0.0,0.0,0.0,0.0,0.0,0.0,0.0,0.0,0.0,0.0,0.0,0.0,0.0,0.0,0.028525456156302406,0.06075268906571275,0.009798820817050444,0.0,0.04551007890585651,0.0,0.0,0.12938931488041114,0.020869244335550187,0.0,0.09692604591399974,0.0,0.0,0.003366007150895191,0.0,0.015633233211935445,0.0,0.0,0.0,0.0,0.0,0.0,0.07260768313987795,0.0,0.0,0.0,0.0,0.0
Al0.5Mo0.5NbTa0.5TiZr,0.07282142444409699,0.0,0.0,0.0,0.044677878765218934,0.07845013357987263,0.0,0.0,0.0,0.047844027654092715,0.07106245283916712,0.0,0.0,0.03658660938254149,0.0,0.0,0.0,0.0,0.0,0.0,0.0,0.0,0.0,0.0,0.0,0.0,0.0,0.0,0.0,0.0,0.0,0.0,0.0,0.0,0.0,0.0,0.0,0.0,0.0,0.0,0.0,0.0,0.0,0.0,0.0,0.0,0.0,0.0,0.0,0.0,0.0,0.0,0.0,0.0,0.0,0.0,0.0,0.0,0.02741106571585896,0.04813124137509093,0.0,0.0,0.0,0.029353582183911958,0.04359870294963393,0.0,0.0,0.022446856964167965,0.0,0.0,0.08451391202082896,0.0,0.0,0.0,0.05154211674812888,0.07655520281707376,0.0,0.0,0.0394145598662162,0.0,0.0,0.0,0.0,0.0,0.0,0.0,0.0,0.0,0.0,0.0,0.0,0.0,0.0,0.0,0.0,0.0,0.0,0.0,0.0,0.0,0.0,0.0,0.0,0.0,0.0,0.0,0.0,0.0,0.03143375729930729,0.04668837481220642,0.0,0.0,0.02403757911123499,0.0,0.0,0.0693459684710713,0.0,0.0,0.035702874856393146,0.0,0.0,0.0,0.0,0.0,0.0,0.0,0.0,0.0,0.0,0.0,0.018381678143885583,0.0,0.0,0.0,0.0,0.0
Al0.6MoTaTiV,0.028197979661295777,0.0,0.0,0.0,0.0470110489138474,0.0,0.0,0.0,0.0,0.0470110489138474,0.0470110489138474,0.0470110489138474,0.0,0.0,0.0,0.0,0.0,0.0,0.0,0.0,0.0,0.0,0.0,0.0,0.0,0.0,0.0,0.0,0.0,0.0,0.0,0.0,0.0,0.0,0.0,0.0,0.0,0.0,0.0,0.0,0.0,0.0,0.0,0.0,0.0,0.0,0.0,0.0,0.0,0.0,0.0,0.0,0.0,0.0,0.0,0.0,0.0,0.0,0.07837578246833148,0.0,0.0,0.0,0.0,0.07837578246833148,0.07837578246833148,0.07837578246833148,0.0,0.0,0.0,0.0,0.0,0.0,0.0,0.0,0.0,0.0,0.0,0.0,0.0,0.0,0.0,0.0,0.0,0.0,0.0,0.0,0.0,0.0,0.0,0.0,0.0,0.0,0.0,0.0,0.0,0.0,0.0,0.0,0.0,0.0,0.0,0.0,0.0,0.0,0.0,0.0,0.0,0.0,0.07837578246833148,0.07837578246833148,0.07837578246833148,0.0,0.0,0.0,0.0,0.07837578246833148,0.07837578246833148,0.0,0.0,0.0,0.0,0.07837578246833148,0.0,0.0,0.0,0.0,0.0,0.0,0.0,0.0,0.0,0.0,0.0,0.0,0.0,0.0
AlCrMoNbTi,0.0679972603789809,0.06833388047986695,0.0,0.0,0.06395781916834838,0.06665077997543672,0.0,0.0,0.0,0.0,0.06968036088341113,0.0,0.0,0.0,0.0,0.0,0.068672167016896,0.0,0.0,0.06427444203551842,0.06698073433175078,0.0,0.0,0.0,0.0,0.07002531316501218,0.0,0.0,0.0,0.0,0.0,0.0,0.0,0.0,0.0,0.0,0.0,0.0,0.0,0.0,0.0,0.0,0.0,0.0,0.0,0.0,0.0,0.0,0.0,0.0,0.0,0.0,0.0,0.0,0.0,0.0,0.0,0.0,0.06015834476230788,0.06269132769966822,0.0,0.0,0.0,0.0,0.0655409335041986,0.0,0.0,0.0,0.0,0.0,0.06533096255018056,0.0,0.0,0.0,0.0,0.06830055175700694,0.0,0.0,0.0,0.0,0.0,0.0,0.0,0.0,0.0,0.0,0.0,0.0,0.0,0.0,0.0,0.0,0.0,0.0,0.0,0.0,0.0,0.0,0.0,0.0,0.0,0.0,0.0,0.0,0.0,0.0,0.0,0.0,0.0,0.0,0.0,0.0,0.0,0.0,0.0,0.07140512229141635,0.0,0.0,0.0,0.0,0.0,0.0,0.0,0.0,0.0,0.0,0.0,0.0,0.0,0.0,0.0,0.0,0.0,0.0,0.0,0.0
 AlMo0.5NbTa0.5TiZr,0.07053284363490915,0.0,0.0,0.0,0.03630366951796794,0.07744782830499827,0.0,0.0,0.0,0.03492067258395012,0.06154336356379328,0.0,0.0,0.06500085589883785,0.0,0.0,0.0,0.0,0.0,0.0,0.0,0.0,0.0,0.0,0.0,0.0,0.0,0.0,0.0,0.0,0.0,0.0,0.0,0.0,0.0,0.0,0.0,0.0,0.0,0.0,0.0,0.0,0.0,0.0,0.0,0.0,0.0,0.0,0.0,0.0,0.0,0.0,0.0,0.0,0.0,0.0,0.0,0.0,0.018685712251895265,0.03986285280404323,0.0,0.0,0.0,0.017973875594680208,0.031676731246070074,0.0,0.0,0.033456322889107715,0.0,0.0,0.08504075264862555,0.0,0.0,0.0,0.038344267935317776,0.06757702665828282,0.0,0.0,0.07137348883009646,0.0,0.0,0.0,0.0,0.0,0.0,0.0,0.0,0.0,0.0,0.0,0.0,0.0,0.0,0.0,0.0,0.0,0.0,0.0,0.0,0.0,0.0,0.0,0.0,0.0,0.0,0.0,0.0,0.0,0.017289156524406674,0.030469998627172163,0.0,0.0,0.03218179630285599,0.0,0.0,0.05369960154095689,0.0,0.0,0.05671643308820166,0.0,0.0,0.0,0.0,0.0,0.0,0.0,0.0,0.0,0.0,0.0,0.059902749553830965,0.0,0.0,0.0,0.0,0.0
AlMo0.5NbTa0.5TiZr0.5,0.07282142444409699,0.0,0.0,0.0,0.044677878765218934,0.07845013357987263,0.0,0.0,0.0,0.047844027654092715,0.07106245283916712,0.0,0.0,0.03658660938254149,0.0,0.0,0.0,0.0,0.0,0.0,0.0,0.0,0.0,0.0,0.0,0.0,0.0,0.0,0.0,0.0,0.0,0.0,0.0,0.0,0.0,0.0,0.0,0.0,0.0,0.0,0.0,0.0,0.0,0.0,0.0,0.0,0.0,0.0,0.0,0.0,0.0,0.0,0.0,0.0,0.0,0.0,0.0,0.0,0.02741106571585896,0.04813124137509093,0.0,0.0,0.0,0.029353582183911958,0.04359870294963393,0.0,0.0,0.022446856964167965,0.0,0.0,0.08451391202082896,0.0,0.0,0.0,0.05154211674812888,0.07655520281707376,0.0,0.0,0.0394145598662162,0.0,0.0,0.0,0.0,0.0,0.0,0.0,0.0,0.0,0.0,0.0,0.0,0.0,0.0,0.0,0.0,0.0,0.0,0.0,0.0,0.0,0.0,0.0,0.0,0.0,0.0,0.0,0.0,0.0,0.03143375729930729,0.04668837481220642,0.0,0.0,0.02403757911123499,0.0,0.0,0.0693459684710713,0.0,0.0,0.035702874856393146,0.0,0.0,0.0,0.0,0.0,0.0,0.0,0.0,0.0,0.0,0.0,0.018381678143885583,0.0,0.0,0.0,0.0,0.0
AlNbTiVZr,0.04499821494684509,0.0,0.0,0.0,0.0,0.07036084518961233,0.0,0.0,0.0,0.0,0.06736096419315599,0.050452544031311164,0.0,0.03954388586237902,0.0,0.0,0.0,0.0,0.0,0.0,0.0,0.0,0.0,0.0,0.0,0.0,0.0,0.0,0.0,0.0,0.0,0.0,0.0,0.0,0.0,0.0,0.0,0.0,0.0,0.0,0.0,0.0,0.0,0.0,0.0,0.0,0.0,0.0,0.0,0.0,0.0,0.0,0.0,0.0,0.0,0.0,0.0,0.0,0.0,0.0,0.0,0.0,0.0,0.0,0.0,0.0,0.0,0.0,0.0,0.0,0.11001877611466654,0.0,0.0,0.0,0.0,0.10532805310202573,0.07888943248532292,0.0,0.061832257893901746,0.0,0.0,0.0,0.0,0.0,0.0,0.0,0.0,0.0,0.0,0.0,0.0,0.0,0.0,0.0,0.0,0.0,0.0,0.0,0.0,0.0,0.0,0.0,0.0,0.0,0.0,0.0,0.0,0.0,0.0,0.0,0.0,0.0,0.0,0.0,0.0,0.10083732215581531,0.07552592954990217,0.0,0.0591959988364098,0.0,0.0,0.056568003913894334,0.0,0.044337084148727994,0.0,0.0,0.0,0.0,0.0,0.0,0.034750687576030045,0.0,0.0,0.0,0.0,0.0
AlNbTiVZr0.1,0.10693302378142266,0.0,0.0,0.0,0.0,0.09819530588488617,0.0,0.0,0.0,0.0,0.10235612393085594,0.09486665144811038,0.0,0.013730699551700185,0.0,0.0,0.0,0.0,0.0,0.0,0.0,0.0,0.0,0.0,0.0,0.0,0.0,0.0,0.0,0.0,0.0,0.0,0.0,0.0,0.0,0.0,0.0,0.0,0.0,0.0,0.0,0.0,0.0,0.0,0.0,0.0,0.0,0.0,0.0,0.0,0.0,0.0,0.0,0.0,0.0,0.0,0.0,0.0,0.0,0.0,0.0,0.0,0.0,0.0,0.0,0.0,0.0,0.0,0.0,0.0,0.09017156493709393,0.0,0.0,0.0,0.0,0.09399239395985215,0.08711490171888736,0.0,0.012608735775102116,0.0,0.0,0.0,0.0,0.0,0.0,0.0,0.0,0.0,0.0,0.0,0.0,0.0,0.0,0.0,0.0,0.0,0.0,0.0,0.0,0.0,0.0,0.0,0.0,0.0,0.0,0.0,0.0,0.0,0.0,0.0,0.0,0.0,0.0,0.0,0.0,0.097975122517473,0.09080621111375546,0.0,0.013143004240148817,0.0,0.0,0.08416185420299287,0.0,0.012181321003064755,0.0,0.0,0.0,0.0,0.0,0.0,0.0017630859346541093,0.0,0.0,0.0,0.0,0.0
AlNbTiVZr0.25,0.10223058968239818,0.0,0.0,0.0,0.0,0.09159860835542877,0.0,0.0,0.0,0.0,0.09814136609510225,0.08955399656178081,0.0,0.027397798034882712,0.0,0.0,0.0,0.0,0.0,0.0,0.0,0.0,0.0,0.0,0.0,0.0,0.0,0.0,0.0,0.0,0.0,0.0,0.0,0.0,0.0,0.0,0.0,0.0,0.0,0.0,0.0,0.0,0.0,0.0,0.0,0.0,0.0,0.0,0.0,0.0,0.0,0.0,0.0,0.0,0.0,0.0,0.0,0.0,0.0,0.0,0.0,0.0,0.0,0.0,0.0,0.0,0.0,0.0,0.0,0.0,0.08207235308646417,0.0,0.0,0.0,0.0,0.0879346640212116,0.08024038091935559,0.0,0.024548427039254906,0.0,0.0,0.0,0.0,0.0,0.0,0.0,0.0,0.0,0.0,0.0,0.0,0.0,0.0,0.0,0.0,0.0,0.0,0.0,0.0,0.0,0.0,0.0,0.0,0.0,0.0,0.0,0.0,0.0,0.0,0.0,0.0,0.0,0.0,0.0,0.0,0.09421571145129816,0.08597183669930956,0.0,0.026301886113487407,0.0,0.0,0.07844930098811997,0.0,0.024000471078557253,0.0,0.0,0.0,0.0,0.0,0.0,0.007342609873348567,0.0,0.0,0.0,0.0,0.0
AlNbTiVZr0.5,0.090501746203062,0.0,0.0,0.0,0.0,0.0808327562241024,0.0,0.0,0.0,0.0,0.08818118860811171,0.08392683301736947,0.0,0.04331707510573908,0.0,0.0,0.0,0.0,0.0,0.0,0.0,0.0,0.0,0.0,0.0,0.0,0.0,0.0,0.0,0.0,0.0,0.0,0.0,0.0,0.0,0.0,0.0,0.0,0.0,0.0,0.0,0.0,0.0,0.0,0.0,0.0,0.0,0.0,0.0,0.0,0.0,0.0,0.0,0.0,0.0,0.0,0.0,0.0,0.0,0.0,0.0,0.0,0.0,0.0,0.0,0.0,0.0,0.0,0.0,0.0,0.07219677799503163,0.0,0.0,0.0,0.0,0.07876012144912542,0.07496029102833428,0.0,0.03868918246623704,0.0,0.0,0.0,0.0,0.0,0.0,0.0,0.0,0.0,0.0,0.0,0.0,0.0,0.0,0.0,0.0,0.0,0.0,0.0,0.0,0.0,0.0,0.0,0.0,0.0,0.0,0.0,0.0,0.0,0.0,0.0,0.0,0.0,0.0,0.0,0.0,0.085920132489955,0.08177486294000103,0.0,0.04220638087225859,0.0,0.0,0.07782958446482555,0.0,0.04017010811087769,0.0,0.0,0.0,0.0,0.0,0.0,0.020732959024969133,0.0,0.0,0.0,0.0,0.0
AlNbTiVZr1.5,0.04741485214919882,0.0,0.0,0.0,0.0,0.0544288835322164,0.0,0.0,0.0,0.0,0.0535871997662543,0.05246495474497148,0.0,0.0726653651280621,0.0,0.0,0.0,0.0,0.0,0.0,0.0,0.0,0.0,0.0,0.0,0.0,0.0,0.0,0.0,0.0,0.0,0.0,0.0,0.0,0.0,0.0,0.0,0.0,0.0,0.0,0.0,0.0,0.0,0.0,0.0,0.0,0.0,0.0,0.0,0.0,0.0,0.0,0.0,0.0,0.0,0.0,0.0,0.0,0.0,0.0,0.0,0.0,0.0,0.0,0.0,0.0,0.0,0.0,0.0,0.0,0.06248049352218924,0.0,0.0,0.0,0.0,0.06151430032339251,0.06022604272499685,0.0,0.08341467949611862,0.0,0.0,0.0,0.0,0.0,0.0,0.0,0.0,0.0,0.0,0.0,0.0,0.0,0.0,0.0,0.0,0.0,0.0,0.0,0.0,0.0,0.0,0.0,0.0,0.0,0.0,0.0,0.0,0.0,0.0,0.0,0.0,0.0,0.0,0.0,0.0,0.06056304825653593,0.059294712167393814,0.0,0.08212476177195185,0.0,0.0,0.05805293809058975,0.0,0.0804048714730628,0.0,0.0,0.0,0.0,0.0,0.0,0.1113628968530656,0.0,0.0,0.0,0.0,0.0
Mo0.5NbHf0.5ZrTiC0.1,0.0,0.0,0.0,0.0,0.0,0.0,0.0,0.0,0.0,0.0,0.0,0.0,0.0,0.0,0.0,0.0,0.0,0.0,0.0,0.0,0.0,0.0,0.0,0.0,0.0,0.0,0.0,0.0,0.0,0.0,0.0,0.0,0.0,0.0,0.0,0.0,0.0,0.0,0.0,0.0,0.0,0.0,0.0,0.0,0.0,0.036107072452044885,0.02743357866464409,0.060349000312898235,0.0,0.0,0.0,0.0,0.06076318400499322,0.0,0.0,0.05896026675705035,0.0,0.0,0.020843596205390853,0.04585220941452321,0.0,0.0,0.0,0.0,0.04616689958813925,0.0,0.0,0.044797071773575364,0.0,0.0,0.10086671644740143,0.0,0.0,0.0,0.0,0.1015589789341216,0.0,0.0,0.0985456010507515,0.0,0.0,0.0,0.0,0.0,0.0,0.0,0.0,0.0,0.0,0.0,0.0,0.0,0.0,0.0,0.0,0.0,0.0,0.0,0.0,0.0,0.0,0.0,0.0,0.0,0.0,0.0,0.0,0.0,0.0,0.0,0.0,0.0,0.0,0.0,0.0,0.1022559925158253,0.0,0.0,0.099221933395468,0.0,0.0,0.0,0.0,0.0,0.0,0.0,0.0,0.0,0.0,0.0,0.09627789848317264,0.0,0.0,0.0,0.0,0.0
Mo0.5NbHf0.5ZrTiC0.3,0.0,0.0,0.0,0.0,0.0,0.0,0.0,0.0,0.0,0.0,0.0,0.0,0.0,0.0,0.0,0.0,0.0,0.0,0.0,0.0,0.0,0.0,0.0,0.0,0.0,0.0,0.0,0.0,0.0,0.0,0.0,0.0,0.0,0.0,0.0,0.0,0.0,0.0,0.0,0.0,0.0,0.0,0.0,0.0,0.0,0.03360102821689241,0.028710185761249573,0.05831389081728005,0.0,0.0,0.0,0.0,0.05838443181423643,0.0,0.0,0.05612711991163205,0.0,0.0,0.02453123639922025,0.04982593470111893,0.0,0.0,0.0,0.0,0.04988620800922512,0.0,0.0,0.04795746214982697,0.0,0.0,0.10120255369269038,0.0,0.0,0.0,0.0,0.10132497613667345,0.0,0.0,0.09740745792921447,0.0,0.0,0.0,0.0,0.0,0.0,0.0,0.0,0.0,0.0,0.0,0.0,0.0,0.0,0.0,0.0,0.0,0.0,0.0,0.0,0.0,0.0,0.0,0.0,0.0,0.0,0.0,0.0,0.0,0.0,0.0,0.0,0.0,0.0,0.0,0.0,0.10144754667232264,0.0,0.0,0.0975252895315482,0.0,0.0,0.0,0.0,0.0,0.0,0.0,0.0,0.0,0.0,0.0,0.09375467825686894,0.0,0.0,0.0,0.0,0.0
NbCrMo0.5Ta0.5TiZr,0.0,0.0,0.0,0.0,0.0,0.0,0.0,0.0,0.0,0.0,0.0,0.0,0.0,0.0,0.0,0.0,0.05743503248933849,0.0,0.0,0.03135659196264048,0.06820995701833348,0.0,0.0,0.0,0.0370407550475016,0.06058943068478339,0.0,0.0,0.0577161174770514,0.0,0.0,0.0,0.0,0.0,0.0,0.0,0.0,0.0,0.0,0.0,0.0,0.0,0.0,0.0,0.0,0.0,0.0,0.0,0.0,0.0,0.0,0.0,0.0,0.0,0.0,0.0,0.0,0.0,0.01711909642767321,0.03723914999804611,0.0,0.0,0.0,0.020222358927510387,0.033078732141121545,0.0,0.0,0.03151004999834671,0.0,0.0,0.08100627848180549,0.0,0.0,0.0,0.04398967320486324,0.07195612649024846,0.0,0.0,0.06854377409998927,0.0,0.0,0.0,0.0,0.0,0.0,0.0,0.0,0.0,0.0,0.0,0.0,0.0,0.0,0.0,0.0,0.0,0.0,0.0,0.0,0.0,0.0,0.0,0.0,0.0,0.0,0.0,0.0,0.0,0.023888165027915655,0.039075076015308914,0.0,0.0,0.03722203117334581,0.0,0.0,0.06391707206551374,0.0,0.0,0.060885953184056395,0.0,0.0,0.0,0.0,0.0,0.0,0.0,0.0,0.0,0.0,0.0,0.057998578084606296,0.0,0.0,0.0,0.0,0.0
NbTiVZr,0.0,0.0,0.0,0.0,0.0,0.0,0.0,0.0,0.0,0.0,0.0,0.0,0.0,0.0,0.0,0.0,0.0,0.0,0.0,0.0,0.0,0.0,0.0,0.0,0.0,0.0,0.0,0.0,0.0,0.0,0.0,0.0,0.0,0.0,0.0,0.0,0.0,0.0,0.0,0.0,0.0,0.0,0.0,0.0,0.0,0.0,0.0,0.0,0.0,0.0,0.0,0.0,0.0,0.0,0.0,0.0,0.0,0.0,0.0,0.0,0.0,0.0,0.0,0.0,0.0,0.0,0.0,0.0,0.0,0.0,0.12798083699138207,0.0,0.0,0.0,0.0,0.1107961309642707,0.10401269437462148,0.0,0.10943944364634085,0.0,0.0,0.0,0.0,0.0,0.0,0.0,0.0,0.0,0.0,0.0,0.0,0.0,0.0,0.0,0.0,0.0,0.0,0.0,0.0,0.0,0.0,0.0,0.0,0.0,0.0,0.0,0.0,0.0,0.0,0.0,0.0,0.0,0.0,0.0,0.0,0.0959189119655347,0.09004632551866523,0.0,0.0947443946761608,0.0,0.0,0.08453328518078777,0.0,0.08894371745108974,0.0,0.0,0.0,0.0,0.0,0.0,0.09358425923114659,0.0,0.0,0.0,0.0,0.0
CrNbTiZr,0.0,0.0,0.0,0.0,0.0,0.0,0.0,0.0,0.0,0.0,0.0,0.0,0.0,0.0,0.0,0.0,0.09679230344761403,0.0,0.0,0.0,0.1050550610589957,0.0,0.0,0.0,0.0,0.0940380509104868,0.0,0.0,0.09757923274393608,0.0,0.0,0.0,0.0,0.0,0.0,0.0,0.0,0.0,0.0,0.0,0.0,0.0,0.0,0.0,0.0,0.0,0.0,0.0,0.0,0.0,0.0,0.0,0.0,0.0,0.0,0.0,0.0,0.0,0.0,0.0,0.0,0.0,0.0,0.0,0.0,0.0,0.0,0.0,0.0,0.0,0.11402317602744655,0.0,0.0,0.0,0.0,0.10206568940284541,0.0,0.0,0.1059091672464672,0.0,0.0,0.0,0.0,0.0,0.0,0.0,0.0,0.0,0.0,0.0,0.0,0.0,0.0,0.0,0.0,0.0,0.0,0.0,0.0,0.0,0.0,0.0,0.0,0.0,0.0,0.0,0.0,0.0,0.0,0.0,0.0,0.0,0.0,0.0,0.0,0.09136217141303389,0.0,0.0,0.09480258790975904,0.0,0.0,0.0,0.0,0.0,0.0,0.0,0.0,0.0,0.0,0.0,0.09837255983941524,0.0,0.0,0.0,0.0,0.0
CrNbTiVZr,0.0,0.0,0.0,0.0,0.0,0.0,0.0,0.0,0.0,0.0,0.0,0.0,0.0,0.0,0.0,0.0,0.0680049665425031,0.0,0.0,0.0,0.06733165004208227,0.0,0.0,0.0,0.0,0.06699499179187186,0.06598501704124063,0.0,0.06834162479271351,0.0,0.0,0.0,0.0,0.0,0.0,0.0,0.0,0.0,0.0,0.0,0.0,0.0,0.0,0.0,0.0,0.0,0.0,0.0,0.0,0.0,0.0,0.0,0.0,0.0,0.0,0.0,0.0,0.0,0.0,0.0,0.0,0.0,0.0,0.0,0.0,0.0,0.0,0.0,0.0,0.0,0.06666500004166562,0.0,0.0,0.0,0.0,0.06633167504145729,0.0653317000408323,0.0,0.0676649750422906,0.0,0.0,0.0,0.0,0.0,0.0,0.0,0.0,0.0,0.0,0.0,0.0,0.0,0.0,0.0,0.0,0.0,0.0,0.0,0.0,0.0,0.0,0.0,0.0,0.0,0.0,0.0,0.0,0.0,0.0,0.0,0.0,0.0,0.0,0.0,0.0,0.06600001666625,0.06500504154062815,0.0,0.06732665016707914,0.0,0.0,0.06402506604001568,0.0,0.0663116755414448,0.0,0.0,0.0,0.0,0.0,0.0,0.06867994966792497,0.0,0.0,0.0,0.0,0.0
Hf0.4Nb1.54Ta1.54Ti0.89Zr0.64,0.0,0.0,0.0,0.0,0.0,0.0,0.0,0.0,0.0,0.0,0.0,0.0,0.0,0.0,0.0,0.0,0.0,0.0,0.0,0.0,0.0,0.0,0.0,0.0,0.0,0.0,0.0,0.0,0.0,0.0,0.0,0.0,0.0,0.0,0.0,0.0,0.0,0.0,0.0,0.0,0.0,0.0,0.0,0.0,0.0,0.010292814489709598,0.0,0.039627335785381954,0.0,0.0,0.0,0.039627335785381954,0.022772852058482486,0.0,0.0,0.01633984300241399,0.0,0.0,0.0,0.0,0.0,0.0,0.0,0.0,0.0,0.0,0.0,0.0,0.0,0.0,0.15256524277372055,0.0,0.0,0.0,0.15256524277372055,0.08767548042515758,0.0,0.0,0.06290839555929385,0.0,0.0,0.0,0.0,0.0,0.0,0.0,0.0,0.0,0.0,0.0,0.0,0.0,0.0,0.0,0.0,0.0,0.0,0.0,0.0,0.0,0.0,0.0,0.0,0.0,0.0,0.0,0.0,0.0,0.15256524277372055,0.08767548042515758,0.0,0.0,0.06290839555929385,0.0,0.0,0.0503849351793925,0.0,0.0,0.03615190264284095,0.0,0.0,0.0,0.0,0.0,0.0,0.0,0.0,0.0,0.0,0.0,0.025939500766332207,0.0,0.0,0.0,0.0,0.0
Mo0.5NbHf0.5ZrTi,0.0,0.0,0.0,0.0,0.0,0.0,0.0,0.0,0.0,0.0,0.0,0.0,0.0,0.0,0.0,0.0,0.0,0.0,0.0,0.0,0.0,0.0,0.0,0.0,0.0,0.0,0.0,0.0,0.0,0.0,0.0,0.0,0.0,0.0,0.0,0.0,0.0,0.0,0.0,0.0,0.0,0.0,0.0,0.0,0.0,0.028532649295374704,0.025028260223463637,0.054015182176308296,0.0,0.0,0.0,0.0,0.054404558739853975,0.0,0.0,0.0543396626459297,0.0,0.0,0.021954281333242936,0.04738102030173518,0.0,0.0,0.0,0.0,0.04772257351175971,0.0,0.0,0.047665647976755626,0.0,0.0,0.10225618642474739,0.0,0.0,0.0,0.0,0.1029933155219222,0.0,0.0,0.10287046067239307,0.0,0.0,0.0,0.0,0.0,0.0,0.0,0.0,0.0,0.0,0.0,0.0,0.0,0.0,0.0,0.0,0.0,0.0,0.0,0.0,0.0,0.0,0.0,0.0,0.0,0.0,0.0,0.0,0.0,0.0,0.0,0.0,0.0,0.0,0.0,0.0,0.10373575832504377,0.0,0.0,0.10361201785785686,0.0,0.0,0.0,0.0,0.0,0.0,0.0,0.0,0.0,0.0,0.0,0.1034884249936129,0.0,0.0,0.0,0.0,0.0
Mo0.5NbHf0.5ZrTiSi0.1,0.0,0.0,0.0,0.0,0.0,0.0,0.0,0.0,0.0,0.0,0.0,0.0,0.0,0.0,0.0,0.0,0.0,0.0,0.0,0.0,0.0,0.0,0.0,0.0,0.0,0.0,0.0,0.0,0.0,0.0,0.0,0.0,0.0,0.0,0.0,0.0,0.0,0.0,0.0,0.0,0.0,0.0,0.0,0.0,0.0,0.03361109855146192,0.029288659313993513,0.05711288566228736,0.0,0.0,0.005267234699210125,0.0,0.0568058271372213,0.0,0.0,0.054113160071257375,0.0,0.0,0.025522092445082196,0.04976808026791028,0.0,0.0,0.004589860173591394,0.0,0.049500509943889257,0.0,0.0,0.04715412402555105,0.0,0.0,0.09704775652242505,0.0,0.0,0.008950227338503218,0.0,0.09652599439058404,0.0,0.0,0.09195054184982454,0.0,0.0,0.0,0.0,0.0,0.0,0.0,0.0,0.0,0.0,0.0,0.0,0.0,0.0,0.0,0.0,0.0,0.0,0.0,0.0,0.0,0.0008254345312184524,0.0,0.008902107836683309,0.0,0.0,0.0084801368207241,0.0,0.0,0.0,0.0,0.0,0.0,0.0,0.0,0.0,0.09600703743149488,0.0,0.0,0.09145618409794377,0.0,0.0,0.0,0.0,0.0,0.0,0.0,0.0,0.0,0.0,0.0,0.08712104688914311,0.0,0.0,0.0,0.0,0.0
Mo0.5NbHf0.5ZrTiSi0.3,0.0,0.0,0.0,0.0,0.0,0.0,0.0,0.0,0.0,0.0,0.0,0.0,0.0,0.0,0.0,0.0,0.0,0.0,0.0,0.0,0.0,0.0,0.0,0.0,0.0,0.0,0.0,0.0,0.0,0.0,0.0,0.0,0.0,0.0,0.0,0.0,0.0,0.0,0.0,0.0,0.0,0.0,0.0,0.0,0.0,0.03204858155464938,0.026564456046741868,0.05426276082718613,0.0,0.0,0.011546745267704002,0.0,0.05532719025066186,0.0,0.0,0.05167110657872351,0.0,0.0,0.022018769344158605,0.04497736420910447,0.0,0.0,0.009570876221894724,0.0,0.04585964939188434,0.0,0.0,0.04282919159016216,0.0,0.0,0.09187449396371947,0.0,0.0,0.019550265453260565,0.0,0.09367672284317836,0.0,0.0,0.08748645843112392,0.0,0.0,0.0,0.0,0.0,0.0,0.0,0.0,0.0,0.0,0.0,0.0,0.0,0.0,0.0,0.0,0.0,0.0,0.0,0.0,0.0,0.004160163096450756,0.0,0.01993376746215182,0.0,0.0,0.0186165214316123,0.0,0.0,0.0,0.0,0.0,0.0,0.0,0.0,0.0,0.09551430461323646,0.0,0.0,0.08920261070738478,0.0,0.0,0.0,0.0,0.0,0.0,0.0,0.0,0.0,0.0,0.0,0.08330800071501053,0.0,0.0,0.0,0.0,0.0
Mo0.5NbHf0.5ZrTiSi0.5,0.0,0.0,0.0,0.0,0.0,0.0,0.0,0.0,0.0,0.0,0.0,0.0,0.0,0.0,0.0,0.0,0.0,0.0,0.0,0.0,0.0,0.0,0.0,0.0,0.0,0.0,0.0,0.0,0.0,0.0,0.0,0.0,0.0,0.0,0.0,0.0,0.0,0.0,0.0,0.0,0.0,0.0,0.0,0.0,0.0,0.025622971353359045,0.022917052363971003,0.046500177094560606,0.0,0.0,0.023583124730589603,0.0,0.045896549012312514,0.0,0.0,0.04364855477497474,0.0,0.0,0.020496892488003314,0.04158951663778329,0.0,0.0,0.021092624149779977,0.0,0.041049634819298186,0.0,0.0,0.03903904046080195,0.0,0.0,0.08438781123415792,0.0,0.0,0.04279829459637463,0.0,0.08329235620918451,0.0,0.0,0.07921273059893874,0.0,0.0,0.0,0.0,0.0,0.0,0.0,0.0,0.0,0.0,0.0,0.0,0.0,0.0,0.0,0.0,0.0,0.0,0.0,0.0,0.0,0.021705670446594653,0.0,0.04224272138988633,0.0,0.0,0.04017369013813679,0.0,0.0,0.0,0.0,0.0,0.0,0.0,0.0,0.0,0.08221112150458902,0.0,0.0,0.07818445432885403,0.0,0.0,0.0,0.0,0.0,0.0,0.0,0.0,0.0,0.0,0.0,0.07435501166784894,0.0,0.0,0.0,0.0,0.0
Mo0.5NbHf0.5ZrTiSi0.7,0.0,0.0,0.0,0.0,0.0,0.0,0.0,0.0,0.0,0.0,0.0,0.0,0.0,0.0,0.0,0.0,0.0,0.0,0.0,0.0,0.0,0.0,0.0,0.0,0.0,0.0,0.0,0.0,0.0,0.0,0.0,0.0,0.0,0.0,0.0,0.0,0.0,0.0,0.0,0.0,0.0,0.0,0.0,0.0,0.0,0.025808772098931614,0.0207851668242004,0.04494033552019966,0.0,0.0,0.03340697507696258,0.0,0.04236573781689991,0.0,0.0,0.042030830798584495,0.0,0.0,0.016739392259879155,0.03619282495665714,0.0,0.0,0.026904400852736286,0.0,0.0341193654924425,0.0,0.0,0.033849647188154426,0.0,0.0,0.07825377158302405,0.0,0.0,0.05817094524755771,0.0,0.07377067241920851,0.0,0.0,0.07318750504830568,0.0,0.0,0.0,0.0,0.0,0.0,0.0,0.0,0.0,0.0,0.0,0.0,0.0,0.0,0.0,0.0,0.0,0.0,0.0,0.0,0.0,0.04324211859110485,0.0,0.05483837595764173,0.0,0.0,0.05440487100935998,0.0,0.0,0.0,0.0,0.0,0.0,0.0,0.0,0.0,0.0695444066029241,0.0,0.0,0.06899464844796027,0.0,0.0,0.0,0.0,0.0,0.0,0.0,0.0,0.0,0.0,0.0,0.06844923620726492,0.0,0.0,0.0,0.0,0.0
Mo0.5NbHf0.5ZrTiSi0.9,0.0,0.0,0.0,0.0,0.0,0.0,0.0,0.0,0.0,0.0,0.0,0.0,0.0,0.0,0.0,0.0,0.0,0.0,0.0,0.0,0.0,0.0,0.0,0.0,0.0,0.0,0.0,0.0,0.0,0.0,0.0,0.0,0.0,0.0,0.0,0.0,0.0,0.0,0.0,0.0,0.0,0.0,0.0,0.0,0.0,0.022092727921191598,0.01839447110002806,0.03795069826953158,0.0,0.0,0.0400418591945874,0.0,0.03824113728690044,0.0,0.0,0.036905117807003666,0.0,0.0,0.015315291450505397,0.03159786446630587,0.0,0.0,0.03333897128383701,0.0,0.03183968485762964,0.0,0.0,0.030727311057540303,0.0,0.0,0.0651913835304837,0.0,0.0,0.06878356180665321,0.0,0.06569029717995169,0.0,0.0,0.06339529439239894,0.0,0.0,0.0,0.0,0.0,0.0,0.0,0.0,0.0,0.0,0.0,0.0,0.0,0.0,0.0,0.0,0.0,0.0,0.0,0.0,0.0,0.07257367643681573,0.0,0.069309966616398,0.0,0.0,0.06688850449157194,0.0,0.0,0.0,0.0,0.0,0.0,0.0,0.0,0.0,0.06619302904612478,0.0,0.0,0.06388046246172853,0.0,0.0,0.0,0.0,0.0,0.0,0.0,0.0,0.0,0.0,0.0,0.06164868934281244,0.0,0.0,0.0,0.0,0.0
HfNbTaTiZr,0.0,0.0,0.0,0.0,0.0,0.0,0.0,0.0,0.0,0.0,0.0,0.0,0.0,0.0,0.0,0.0,0.0,0.0,0.0,0.0,0.0,0.0,0.0,0.0,0.0,0.0,0.0,0.0,0.0,0.0,0.0,0.0,0.0,0.0,0.0,0.0,0.0,0.0,0.0,0.0,0.0,0.0,0.0,0.0,0.0,0.06666666666666667,0.0,0.06666666666666667,0.0,0.0,0.0,0.06666666666666667,0.06666666666666667,0.0,0.0,0.06666666666666667,0.0,0.0,0.0,0.0,0.0,0.0,0.0,0.0,0.0,0.0,0.0,0.0,0.0,0.0,0.06666666666666667,0.0,0.0,0.0,0.06666666666666667,0.06666666666666667,0.0,0.0,0.06666666666666667,0.0,0.0,0.0,0.0,0.0,0.0,0.0,0.0,0.0,0.0,0.0,0.0,0.0,0.0,0.0,0.0,0.0,0.0,0.0,0.0,0.0,0.0,0.0,0.0,0.0,0.0,0.0,0.0,0.0,0.06666666666666667,0.06666666666666667,0.0,0.0,0.06666666666666667,0.0,0.0,0.06666666666666667,0.0,0.0,0.06666666666666667,0.0,0.0,0.0,0.0,0.0,0.0,0.0,0.0,0.0,0.0,0.0,0.06666666666666667,0.0,0.0,0.0,0.0,0.0
HfMo0.25NbTaTiZr,0.0,0.0,0.0,0.0,0.0,0.0,0.0,0.0,0.0,0.0,0.0,0.0,0.0,0.0,0.0,0.0,0.0,0.0,0.0,0.0,0.0,0.0,0.0,0.0,0.0,0.0,0.0,0.0,0.0,0.0,0.0,0.0,0.0,0.0,0.0,0.0,0.0,0.0,0.0,0.0,0.0,0.0,0.0,0.0,0.0,0.06124831185400847,0.015473257731538981,0.06124831185400847,0.0,0.0,0.0,0.06124831185400847,0.06124831185400847,0.0,0.0,0.06124831185400847,0.0,0.0,0.003909033532178269,0.015473257731538981,0.0,0.0,0.0,0.015473257731538981,0.015473257731538981,0.0,0.0,0.015473257731538981,0.0,0.0,0.06124831185400847,0.0,0.0,0.0,0.06124831185400847,0.06124831185400847,0.0,0.0,0.06124831185400847,0.0,0.0,0.0,0.0,0.0,0.0,0.0,0.0,0.0,0.0,0.0,0.0,0.0,0.0,0.0,0.0,0.0,0.0,0.0,0.0,0.0,0.0,0.0,0.0,0.0,0.0,0.0,0.0,0.0,0.06124831185400847,0.06124831185400847,0.0,0.0,0.06124831185400847,0.0,0.0,0.06124831185400847,0.0,0.0,0.06124831185400847,0.0,0.0,0.0,0.0,0.0,0.0,0.0,0.0,0.0,0.0,0.0,0.06124831185400847,0.0,0.0,0.0,0.0,0.0
HfMo0.50NbTaTiZr,0.0,0.0,0.0,0.0,0.0,0.0,0.0,0.0,0.0,0.0,0.0,0.0,0.0,0.0,0.0,0.0,0.0,0.0,0.0,0.0,0.0,0.0,0.0,0.0,0.0,0.0,0.0,0.0,0.0,0.0,0.0,0.0,0.0,0.0,0.0,0.0,0.0,0.0,0.0,0.0,0.0,0.0,0.0,0.0,0.0,0.0563380281690141,0.02816901408450705,0.0563380281690141,0.0,0.0,0.0,0.0563380281690141,0.0563380281690141,0.0,0.0,0.0563380281690141,0.0,0.0,0.014084507042253525,0.02816901408450705,0.0,0.0,0.0,0.02816901408450705,0.02816901408450705,0.0,0.0,0.02816901408450705,0.0,0.0,0.0563380281690141,0.0,0.0,0.0,0.0563380281690141,0.0563380281690141,0.0,0.0,0.0563380281690141,0.0,0.0,0.0,0.0,0.0,0.0,0.0,0.0,0.0,0.0,0.0,0.0,0.0,0.0,0.0,0.0,0.0,0.0,0.0,0.0,0.0,0.0,0.0,0.0,0.0,0.0,0.0,0.0,0.0,0.0563380281690141,0.0563380281690141,0.0,0.0,0.0563380281690141,0.0,0.0,0.0563380281690141,0.0,0.0,0.0563380281690141,0.0,0.0,0.0,0.0,0.0,0.0,0.0,0.0,0.0,0.0,0.0,0.0563380281690141,0.0,0.0,0.0,0.0,0.0
HfMo0.75NbTaTiZr,0.0,0.0,0.0,0.0,0.0,0.0,0.0,0.0,0.0,0.0,0.0,0.0,0.0,0.0,0.0,0.0,0.0,0.0,0.0,0.0,0.0,0.0,0.0,0.0,0.0,0.0,0.0,0.0,0.0,0.0,0.0,0.0,0.0,0.0,0.0,0.0,0.0,0.0,0.0,0.0,0.0,0.0,0.0,0.0,0.0,0.05183004074365733,0.03872359365905434,0.05183004074365733,0.0,0.0,0.0,0.05183004074365733,0.05183004074365733,0.0,0.0,0.05183004074365733,0.0,0.0,0.028931420549868185,0.03872359365905434,0.0,0.0,0.0,0.03872359365905434,0.03872359365905434,0.0,0.0,0.03872359365905434,0.0,0.0,0.05183004074365733,0.0,0.0,0.0,0.05183004074365733,0.05183004074365733,0.0,0.0,0.05183004074365733,0.0,0.0,0.0,0.0,0.0,0.0,0.0,0.0,0.0,0.0,0.0,0.0,0.0,0.0,0.0,0.0,0.0,0.0,0.0,0.0,0.0,0.0,0.0,0.0,0.0,0.0,0.0,0.0,0.0,0.05183004074365733,0.05183004074365733,0.0,0.0,0.05183004074365733,0.0,0.0,0.05183004074365733,0.0,0.0,0.05183004074365733,0.0,0.0,0.0,0.0,0.0,0.0,0.0,0.0,0.0,0.0,0.0,0.05183004074365733,0.0,0.0,0.0,0.0,0.0
HfMoNbTaTiZr,0.0,0.0,0.0,0.0,0.0,0.0,0.0,0.0,0.0,0.0,0.0,0.0,0.0,0.0,0.0,0.0,0.0,0.0,0.0,0.0,0.0,0.0,0.0,0.0,0.0,0.0,0.0,0.0,0.0,0.0,0.0,0.0,0.0,0.0,0.0,0.0,0.0,0.0,0.0,0.0,0.0,0.0,0.0,0.0,0.0,0.04761904761904761,0.04761904761904761,0.04761904761904761,0.0,0.0,0.0,0.04761904761904761,0.04761904761904761,0.0,0.0,0.04761904761904761,0.0,0.0,0.04761904761904761,0.04761904761904761,0.0,0.0,0.0,0.04761904761904761,0.04761904761904761,0.0,0.0,0.04761904761904761,0.0,0.0,0.04761904761904761,0.0,0.0,0.0,0.04761904761904761,0.04761904761904761,0.0,0.0,0.04761904761904761,0.0,0.0,0.0,0.0,0.0,0.0,0.0,0.0,0.0,0.0,0.0,0.0,0.0,0.0,0.0,0.0,0.0,0.0,0.0,0.0,0.0,0.0,0.0,0.0,0.0,0.0,0.0,0.0,0.0,0.04761904761904761,0.04761904761904761,0.0,0.0,0.04761904761904761,0.0,0.0,0.04761904761904761,0.0,0.0,0.04761904761904761,0.0,0.0,0.0,0.0,0.0,0.0,0.0,0.0,0.0,0.0,0.0,0.04761904761904761,0.0,0.0,0.0,0.0,0.0
HfMo0.5NbTiV0.5,0.0,0.0,0.0,0.0,0.0,0.0,0.0,0.0,0.0,0.0,0.0,0.0,0.0,0.0,0.0,0.0,0.0,0.0,0.0,0.0,0.0,0.0,0.0,0.0,0.0,0.0,0.0,0.0,0.0,0.0,0.0,0.0,0.0,0.0,0.0,0.0,0.0,0.0,0.0,0.0,0.0,0.0,0.0,0.0,0.0,0.10256410256410256,0.05128205128205128,0.10256410256410256,0.0,0.0,0.0,0.0,0.10256410256410256,0.05128205128205128,0.0,0.0,0.0,0.0,0.02564102564102564,0.05128205128205128,0.0,0.0,0.0,0.0,0.05128205128205128,0.02564102564102564,0.0,0.0,0.0,0.0,0.10256410256410256,0.0,0.0,0.0,0.0,0.10256410256410256,0.05128205128205128,0.0,0.0,0.0,0.0,0.0,0.0,0.0,0.0,0.0,0.0,0.0,0.0,0.0,0.0,0.0,0.0,0.0,0.0,0.0,0.0,0.0,0.0,0.0,0.0,0.0,0.0,0.0,0.0,0.0,0.0,0.0,0.0,0.0,0.0,0.0,0.0,0.0,0.0,0.10256410256410256,0.05128205128205128,0.0,0.0,0.0,0.0,0.02564102564102564,0.0,0.0,0.0,0.0,0.0,0.0,0.0,0.0,0.0,0.0,0.0,0.0,0.0,0.0
HfMo0.5NbTiV0.5Si0.3,0.0,0.0,0.0,0.0,0.0,0.0,0.0,0.0,0.0,0.0,0.0,0.0,0.0,0.0,0.0,0.0,0.0,0.0,0.0,0.0,0.0,0.0,0.0,0.0,0.0,0.0,0.0,0.0,0.0,0.0,0.0,0.0,0.0,0.0,0.0,0.0,0.0,0.0,0.0,0.0,0.0,0.0,0.0,0.0,0.0,0.09089524000870627,0.045252565841244326,0.09089524000870627,0.0,0.0,0.026917474509016024,0.0,0.09089524000870627,0.045252565841244326,0.0,0.0,0.0,0.0,0.02252917441023323,0.045252565841244326,0.0,0.0,0.013400974433673215,0.0,0.045252565841244326,0.02252917441023323,0.0,0.0,0.0,0.0,0.09089524000870627,0.0,0.0,0.026917474509016024,0.0,0.09089524000870627,0.045252565841244326,0.0,0.0,0.0,0.0,0.0,0.0,0.0,0.0,0.0,0.0,0.0,0.0,0.0,0.0,0.0,0.0,0.0,0.0,0.0,0.0,0.0,0.0,0.0,0.007971269275202171,0.0,0.026917474509016024,0.013400974433673215,0.0,0.0,0.0,0.0,0.0,0.0,0.0,0.0,0.0,0.0,0.0,0.09089524000870627,0.045252565841244326,0.0,0.0,0.0,0.0,0.02252917441023323,0.0,0.0,0.0,0.0,0.0,0.0,0.0,0.0,0.0,0.0,0.0,0.0,0.0,0.0
HfMo0.5NbTiV0.5Si0.5,0.0,0.0,0.0,0.0,0.0,0.0,0.0,0.0,0.0,0.0,0.0,0.0,0.0,0.0,0.0,0.0,0.0,0.0,0.0,0.0,0.0,0.0,0.0,0.0,0.0,0.0,0.0,0.0,0.0,0.0,0.0,0.0,0.0,0.0,0.0,0.0,0.0,0.0,0.0,0.0,0.0,0.0,0.0,0.0,0.0,0.08317707955356705,0.04158853977678353,0.08317707955356705,0.0,0.0,0.0419632113063041,0.0,0.08317707955356705,0.04158853977678353,0.0,0.0,0.0,0.0,0.020794269888391764,0.04158853977678353,0.0,0.0,0.02098160565315205,0.0,0.04158853977678353,0.020794269888391764,0.0,0.0,0.0,0.0,0.08317707955356705,0.0,0.0,0.0419632113063041,0.0,0.08317707955356705,0.04158853977678353,0.0,0.0,0.0,0.0,0.0,0.0,0.0,0.0,0.0,0.0,0.0,0.0,0.0,0.0,0.0,0.0,0.0,0.0,0.0,0.0,0.0,0.0,0.0,0.02117062912750477,0.0,0.0419632113063041,0.02098160565315205,0.0,0.0,0.0,0.0,0.0,0.0,0.0,0.0,0.0,0.0,0.0,0.08317707955356705,0.04158853977678353,0.0,0.0,0.0,0.0,0.020794269888391764,0.0,0.0,0.0,0.0,0.0,0.0,0.0,0.0,0.0,0.0,0.0,0.0,0.0,0.0
HfMo0.5NbTiV0.5Si0.7,0.0,0.0,0.0,0.0,0.0,0.0,0.0,0.0,0.0,0.0,0.0,0.0,0.0,0.0,0.0,0.0,0.0,0.0,0.0,0.0,0.0,0.0,0.0,0.0,0.0,0.0,0.0,0.0,0.0,0.0,0.0,0.0,0.0,0.0,0.0,0.0,0.0,0.0,0.0,0.0,0.0,0.0,0.0,0.0,0.0,0.07684581378410882,0.03824251765781941,0.07684581378410882,0.0,0.0,0.05375599180202917,0.0,0.07684581378410882,0.03824251765781941,0.0,0.0,0.0,0.0,0.01903148766069886,0.03824251765781941,0.0,0.0,0.02675180812683142,0.0,0.03824251765781941,0.01903148766069886,0.0,0.0,0.0,0.0,0.07684581378410882,0.0,0.0,0.05375599180202917,0.0,0.07684581378410882,0.03824251765781941,0.0,0.0,0.0,0.0,0.0,0.0,0.0,0.0,0.0,0.0,0.0,0.0,0.0,0.0,0.0,0.0,0.0,0.0,0.0,0.0,0.0,0.0,0.0,0.03760395670658379,0.0,0.05375599180202917,0.02675180812683142,0.0,0.0,0.0,0.0,0.0,0.0,0.0,0.0,0.0,0.0,0.0,0.07684581378410882,0.03824251765781941,0.0,0.0,0.0,0.0,0.01903148766069886,0.0,0.0,0.0,0.0,0.0,0.0,0.0,0.0,0.0,0.0,0.0,0.0,0.0,0.0
HfMoTaTiZr,0.0,0.0,0.0,0.0,0.0,0.0,0.0,0.0,0.0,0.0,0.0,0.0,0.0,0.0,0.0,0.0,0.0,0.0,0.0,0.0,0.0,0.0,0.0,0.0,0.0,0.0,0.0,0.0,0.0,0.0,0.0,0.0,0.0,0.0,0.0,0.0,0.0,0.0,0.0,0.0,0.0,0.0,0.0,0.0,0.0,0.06666666666666667,0.06666666666666667,0.0,0.0,0.0,0.0,0.06666666666666667,0.06666666666666667,0.0,0.0,0.06666666666666667,0.0,0.0,0.06666666666666667,0.0,0.0,0.0,0.0,0.06666666666666667,0.06666666666666667,0.0,0.0,0.06666666666666667,0.0,0.0,0.0,0.0,0.0,0.0,0.0,0.0,0.0,0.0,0.0,0.0,0.0,0.0,0.0,0.0,0.0,0.0,0.0,0.0,0.0,0.0,0.0,0.0,0.0,0.0,0.0,0.0,0.0,0.0,0.0,0.0,0.0,0.0,0.0,0.0,0.0,0.0,0.0,0.0,0.06666666666666667,0.06666666666666667,0.0,0.0,0.06666666666666667,0.0,0.0,0.06666666666666667,0.0,0.0,0.06666666666666667,0.0,0.0,0.0,0.0,0.0,0.0,0.0,0.0,0.0,0.0,0.0,0.06666666666666667,0.0,0.0,0.0,0.0,0.0
HfMoNbTaTiZr,0.0,0.0,0.0,0.0,0.0,0.0,0.0,0.0,0.0,0.0,0.0,0.0,0.0,0.0,0.0,0.0,0.0,0.0,0.0,0.0,0.0,0.0,0.0,0.0,0.0,0.0,0.0,0.0,0.0,0.0,0.0,0.0,0.0,0.0,0.0,0.0,0.0,0.0,0.0,0.0,0.0,0.0,0.0,0.0,0.0,0.04761904761904761,0.04761904761904761,0.04761904761904761,0.0,0.0,0.0,0.04761904761904761,0.04761904761904761,0.0,0.0,0.04761904761904761,0.0,0.0,0.04761904761904761,0.04761904761904761,0.0,0.0,0.0,0.04761904761904761,0.04761904761904761,0.0,0.0,0.04761904761904761,0.0,0.0,0.04761904761904761,0.0,0.0,0.0,0.04761904761904761,0.04761904761904761,0.0,0.0,0.04761904761904761,0.0,0.0,0.0,0.0,0.0,0.0,0.0,0.0,0.0,0.0,0.0,0.0,0.0,0.0,0.0,0.0,0.0,0.0,0.0,0.0,0.0,0.0,0.0,0.0,0.0,0.0,0.0,0.0,0.0,0.04761904761904761,0.04761904761904761,0.0,0.0,0.04761904761904761,0.0,0.0,0.04761904761904761,0.0,0.0,0.04761904761904761,0.0,0.0,0.0,0.0,0.0,0.0,0.0,0.0,0.0,0.0,0.0,0.04761904761904761,0.0,0.0,0.0,0.0,0.0
MoNbHfZrTi,0.0,0.0,0.0,0.0,0.0,0.0,0.0,0.0,0.0,0.0,0.0,0.0,0.0,0.0,0.0,0.0,0.0,0.0,0.0,0.0,0.0,0.0,0.0,0.0,0.0,0.0,0.0,0.0,0.0,0.0,0.0,0.0,0.0,0.0,0.0,0.0,0.0,0.0,0.0,0.0,0.0,0.0,0.0,0.0,0.0,0.06666666666666667,0.06666666666666667,0.06666666666666667,0.0,0.0,0.0,0.0,0.06666666666666667,0.0,0.0,0.06666666666666667,0.0,0.0,0.06666666666666667,0.06666666666666667,0.0,0.0,0.0,0.0,0.06666666666666667,0.0,0.0,0.06666666666666667,0.0,0.0,0.06666666666666667,0.0,0.0,0.0,0.0,0.06666666666666667,0.0,0.0,0.06666666666666667,0.0,0.0,0.0,0.0,0.0,0.0,0.0,0.0,0.0,0.0,0.0,0.0,0.0,0.0,0.0,0.0,0.0,0.0,0.0,0.0,0.0,0.0,0.0,0.0,0.0,0.0,0.0,0.0,0.0,0.0,0.0,0.0,0.0,0.0,0.0,0.0,0.06666666666666667,0.0,0.0,0.06666666666666667,0.0,0.0,0.0,0.0,0.0,0.0,0.0,0.0,0.0,0.0,0.0,0.06666666666666667,0.0,0.0,0.0,0.0,0.0
HfNbTiVSi0.5,0.0,0.0,0.0,0.0,0.0,0.0,0.0,0.0,0.0,0.0,0.0,0.0,0.0,0.0,0.0,0.0,0.0,0.0,0.0,0.0,0.0,0.0,0.0,0.0,0.0,0.0,0.0,0.0,0.0,0.0,0.0,0.0,0.0,0.0,0.0,0.0,0.0,0.0,0.0,0.0,0.0,0.0,0.0,0.0,0.0,0.0814827061702268,0.0,0.0814827061702268,0.0,0.0,0.04110839230209641,0.0,0.0814827061702268,0.0814827061702268,0.0,0.0,0.0,0.0,0.0,0.0,0.0,0.0,0.0,0.0,0.0,0.0,0.0,0.0,0.0,0.0,0.0814827061702268,0.0,0.0,0.04110839230209641,0.0,0.0814827061702268,0.0814827061702268,0.0,0.0,0.0,0.0,0.0,0.0,0.0,0.0,0.0,0.0,0.0,0.0,0.0,0.0,0.0,0.0,0.0,0.0,0.0,0.0,0.0,0.0,0.0,0.020739369089345934,0.0,0.04110839230209641,0.04110839230209641,0.0,0.0,0.0,0.0,0.0,0.0,0.0,0.0,0.0,0.0,0.0,0.0814827061702268,0.0814827061702268,0.0,0.0,0.0,0.0,0.0814827061702268,0.0,0.0,0.0,0.0,0.0,0.0,0.0,0.0,0.0,0.0,0.0,0.0,0.0,0.0
TaNbHfZrTi,0.0,0.0,0.0,0.0,0.0,0.0,0.0,0.0,0.0,0.0,0.0,0.0,0.0,0.0,0.0,0.0,0.0,0.0,0.0,0.0,0.0,0.0,0.0,0.0,0.0,0.0,0.0,0.0,0.0,0.0,0.0,0.0,0.0,0.0,0.0,0.0,0.0,0.0,0.0,0.0,0.0,0.0,0.0,0.0,0.0,0.06975080308259349,0.0,0.06453483393712095,0.0,0.0,0.0,0.06709168155745063,0.06715986416065942,0.0,0.0,0.07237583330613195,0.0,0.0,0.0,0.0,0.0,0.0,0.0,0.0,0.0,0.0,0.0,0.0,0.0,0.0,0.059708915270268795,0.0,0.0,0.0,0.062074561675588474,0.06213764557973033,0.0,0.0,0.06696356424658248,0.0,0.0,0.0,0.0,0.0,0.0,0.0,0.0,0.0,0.0,0.0,0.0,0.0,0.0,0.0,0.0,0.0,0.0,0.0,0.0,0.0,0.0,0.0,0.0,0.0,0.0,0.0,0.0,0.0,0.06453393416669737,0.06459951743312693,0.0,0.0,0.06961663731498909,0.0,0.0,0.06466516734921751,0.0,0.0,0.06968738593014659,0.0,0.0,0.0,0.0,0.0,0.0,0.0,0.0,0.0,0.0,0.0,0.07509965498969605,0.0,0.0,0.0,0.0,0.0
TiZrNbTaMo,0.0,0.0,0.0,0.0,0.0,0.0,0.0,0.0,0.0,0.0,0.0,0.0,0.0,0.0,0.0,0.0,0.0,0.0,0.0,0.0,0.0,0.0,0.0,0.0,0.0,0.0,0.0,0.0,0.0,0.0,0.0,0.0,0.0,0.0,0.0,0.0,0.0,0.0,0.0,0.0,0.0,0.0,0.0,0.0,0.0,0.0,0.0,0.0,0.0,0.0,0.0,0.0,0.0,0.0,0.0,0.0,0.0,0.0,0.06664445184938354,0.06331222925691436,0.0,0.0,0.0,0.06997667444185271,0.06331222925691436,0.0,0.0,0.06997667444185271,0.0,0.0,0.060146617794068644,0.0,0.0,0.0,0.06647784071976008,0.060146617794068644,0.0,0.0,0.06647784071976008,0.0,0.0,0.0,0.0,0.0,0.0,0.0,0.0,0.0,0.0,0.0,0.0,0.0,0.0,0.0,0.0,0.0,0.0,0.0,0.0,0.0,0.0,0.0,0.0,0.0,0.0,0.0,0.0,0.0,0.07347550816394535,0.06647784071976008,0.0,0.0,0.07347550816394535,0.0,0.0,0.060146617794068644,0.0,0.0,0.06647784071976008,0.0,0.0,0.0,0.0,0.0,0.0,0.0,0.0,0.0,0.0,0.0,0.07347550816394535,0.0,0.0,0.0,0.0,0.0
NbMoTaTi0.5Ni0.5,0.0,0.0,0.0,0.0,0.0,0.0,0.0,0.0,0.0,0.0,0.0,0.0,0.0,0.0,0.0,0.0,0.0,0.0,0.0,0.0,0.0,0.0,0.0,0.0,0.0,0.0,0.0,0.0,0.0,0.0,0.0,0.0,0.0,0.0,0.0,0.0,0.0,0.0,0.0,0.0,0.0,0.0,0.0,0.0,0.0,0.0,0.0,0.0,0.0,0.0,0.0,0.0,0.0,0.0,0.0,0.0,0.0,0.0,0.10256410256410256,0.10256410256410256,0.05128205128205128,0.0,0.0,0.10256410256410256,0.05128205128205128,0.0,0.0,0.0,0.0,0.0,0.10256410256410256,0.05128205128205128,0.0,0.0,0.10256410256410256,0.05128205128205128,0.0,0.0,0.0,0.0,0.0,0.02564102564102564,0.0,0.0,0.05128205128205128,0.02564102564102564,0.0,0.0,0.0,0.0,0.0,0.0,0.0,0.0,0.0,0.0,0.0,0.0,0.0,0.0,0.0,0.0,0.0,0.0,0.0,0.0,0.0,0.0,0.10256410256410256,0.05128205128205128,0.0,0.0,0.0,0.0,0.0,0.02564102564102564,0.0,0.0,0.0,0.0,0.0,0.0,0.0,0.0,0.0,0.0,0.0,0.0,0.0,0.0,0.0,0.0,0.0,0.0,0.0,0.0
AlMo0.5NbTa0.5TiZr,0.07053284363490915,0.0,0.0,0.0,0.03630366951796794,0.07744782830499827,0.0,0.0,0.0,0.03492067258395012,0.06154336356379328,0.0,0.0,0.06500085589883785,0.0,0.0,0.0,0.0,0.0,0.0,0.0,0.0,0.0,0.0,0.0,0.0,0.0,0.0,0.0,0.0,0.0,0.0,0.0,0.0,0.0,0.0,0.0,0.0,0.0,0.0,0.0,0.0,0.0,0.0,0.0,0.0,0.0,0.0,0.0,0.0,0.0,0.0,0.0,0.0,0.0,0.0,0.0,0.0,0.018685712251895265,0.03986285280404323,0.0,0.0,0.0,0.017973875594680208,0.031676731246070074,0.0,0.0,0.033456322889107715,0.0,0.0,0.08504075264862555,0.0,0.0,0.0,0.038344267935317776,0.06757702665828282,0.0,0.0,0.07137348883009646,0.0,0.0,0.0,0.0,0.0,0.0,0.0,0.0,0.0,0.0,0.0,0.0,0.0,0.0,0.0,0.0,0.0,0.0,0.0,0.0,0.0,0.0,0.0,0.0,0.0,0.0,0.0,0.0,0.0,0.017289156524406674,0.030469998627172163,0.0,0.0,0.03218179630285599,0.0,0.0,0.05369960154095689,0.0,0.0,0.05671643308820166,0.0,0.0,0.0,0.0,0.0,0.0,0.0,0.0,0.0,0.0,0.0,0.059902749553830965,0.0,0.0,0.0,0.0,0.0
Al0.5NbTiV2Zr0.5,0.015873015873015872,0.0,0.0,0.0,0.0,0.031746031746031744,0.0,0.0,0.0,0.0,0.031746031746031744,0.06349206349206349,0.0,0.015873015873015872,0.0,0.0,0.0,0.0,0.0,0.0,0.0,0.0,0.0,0.0,0.0,0.0,0.0,0.0,0.0,0.0,0.0,0.0,0.0,0.0,0.0,0.0,0.0,0.0,0.0,0.0,0.0,0.0,0.0,0.0,0.0,0.0,0.0,0.0,0.0,0.0,0.0,0.0,0.0,0.0,0.0,0.0,0.0,0.0,0.0,0.0,0.0,0.0,0.0,0.0,0.0,0.0,0.0,0.0,0.0,0.0,0.06349206349206349,0.0,0.0,0.0,0.0,0.06349206349206349,0.12698412698412698,0.0,0.031746031746031744,0.0,0.0,0.0,0.0,0.0,0.0,0.0,0.0,0.0,0.0,0.0,0.0,0.0,0.0,0.0,0.0,0.0,0.0,0.0,0.0,0.0,0.0,0.0,0.0,0.0,0.0,0.0,0.0,0.0,0.0,0.0,0.0,0.0,0.0,0.0,0.0,0.06349206349206349,0.12698412698412698,0.0,0.031746031746031744,0.0,0.0,0.25396825396825395,0.0,0.06349206349206349,0.0,0.0,0.0,0.0,0.0,0.0,0.015873015873015872,0.0,0.0,0.0,0.0,0.0
Al0.5Nb0.5TiV2Zr0.5,0.01922644254900876,0.0,0.0,0.0,0.0,0.01922644254900876,0.0,0.0,0.0,0.0,0.03845288509801752,0.07692307572488202,0.0,0.01922644254900876,0.0,0.0,0.0,0.0,0.0,0.0,0.0,0.0,0.0,0.0,0.0,0.0,0.0,0.0,0.0,0.0,0.0,0.0,0.0,0.0,0.0,0.0,0.0,0.0,0.0,0.0,0.0,0.0,0.0,0.0,0.0,0.0,0.0,0.0,0.0,0.0,0.0,0.0,0.0,0.0,0.0,0.0,0.0,0.0,0.0,0.0,0.0,0.0,0.0,0.0,0.0,0.0,0.0,0.0,0.0,0.0,0.01922644254900876,0.0,0.0,0.0,0.0,0.03845288509801752,0.07692307572488202,0.0,0.01922644254900876,0.0,0.0,0.0,0.0,0.0,0.0,0.0,0.0,0.0,0.0,0.0,0.0,0.0,0.0,0.0,0.0,0.0,0.0,0.0,0.0,0.0,0.0,0.0,0.0,0.0,0.0,0.0,0.0,0.0,0.0,0.0,0.0,0.0,0.0,0.0,0.0,0.07690577019603503,0.15384615144976405,0.0,0.03845288509801752,0.0,0.0,0.3077615405914497,0.0,0.07692307572488202,0.0,0.0,0.0,0.0,0.0,0.0,0.01922644254900876,0.0,0.0,0.0,0.0,0.0
HfMoScTaZr,0.0,0.0,0.0,0.0,0.0,0.0,0.0,0.0,0.0,0.0,0.0,0.0,0.0,0.0,0.0,0.0,0.0,0.0,0.0,0.0,0.0,0.0,0.0,0.0,0.0,0.0,0.0,0.0,0.0,0.0,0.0,0.0,0.0,0.0,0.0,0.0,0.0,0.0,0.0,0.0,0.0,0.0,0.0,0.0,0.0,0.06666666666666667,0.06666666666666667,0.0,0.0,0.06666666666666667,0.0,0.06666666666666667,0.0,0.0,0.0,0.06666666666666667,0.0,0.0,0.06666666666666667,0.0,0.0,0.06666666666666667,0.0,0.06666666666666667,0.0,0.0,0.0,0.06666666666666667,0.0,0.0,0.0,0.0,0.0,0.0,0.0,0.0,0.0,0.0,0.0,0.0,0.0,0.0,0.0,0.0,0.0,0.0,0.0,0.0,0.0,0.0,0.0,0.06666666666666667,0.0,0.06666666666666667,0.0,0.0,0.0,0.06666666666666667,0.0,0.0,0.0,0.0,0.0,0.0,0.0,0.0,0.0,0.0,0.06666666666666667,0.0,0.0,0.0,0.06666666666666667,0.0,0.0,0.0,0.0,0.0,0.0,0.0,0.0,0.0,0.0,0.0,0.0,0.0,0.0,0.0,0.0,0.0,0.06666666666666667,0.0,0.0,0.0,0.0,0.0
ZrTiHfV0.5Nb0.5,0.0,0.0,0.0,0.0,0.0,0.0,0.0,0.0,0.0,0.0,0.0,0.0,0.0,0.0,0.0,0.0,0.0,0.0,0.0,0.0,0.0,0.0,0.0,0.0,0.0,0.0,0.0,0.0,0.0,0.0,0.0,0.0,0.0,0.0,0.0,0.0,0.0,0.0,0.0,0.0,0.0,0.0,0.0,0.0,0.0,0.11022040761750888,0.0,0.05708830066487723,0.0,0.0,0.0,0.0,0.10354167199576095,0.05117527995517683,0.0,0.103414052843753,0.0,0.0,0.0,0.0,0.0,0.0,0.0,0.0,0.0,0.0,0.0,0.0,0.0,0.0,0.029568699147921745,0.0,0.0,0.0,0.0,0.05362907133088043,0.02650606935540228,0.0,0.05356297140730086,0.0,0.0,0.0,0.0,0.0,0.0,0.0,0.0,0.0,0.0,0.0,0.0,0.0,0.0,0.0,0.0,0.0,0.0,0.0,0.0,0.0,0.0,0.0,0.0,0.0,0.0,0.0,0.0,0.0,0.0,0.0,0.0,0.0,0.0,0.0,0.0,0.09726763011875035,0.048074346356966585,0.0,0.09714774396823421,0.0,0.0,0.02376065680666836,0.0,0.04801509284872053,0.0,0.0,0.0,0.0,0.0,0.0,0.0970280055820778,0.0,0.0,0.0,0.0,0.0
Zr2.0TiHfVNb2.0,0.0,0.0,0.0,0.0,0.0,0.0,0.0,0.0,0.0,0.0,0.0,0.0,0.0,0.0,0.0,0.0,0.0,0.0,0.0,0.0,0.0,0.0,0.0,0.0,0.0,0.0,0.0,0.0,0.0,0.0,0.0,0.0,0.0,0.0,0.0,0.0,0.0,0.0,0.0,0.0,0.0,0.0,0.0,0.0,0.0,0.034933913056131784,0.0,0.07344467727842041,0.0,0.0,0.0,0.0,0.032382425890939905,0.03195320375100109,0.0,0.06574252443396268,0.0,0.0,0.0,0.0,0.0,0.0,0.0,0.0,0.0,0.0,0.0,0.0,0.0,0.0,0.15440928738398285,0.0,0.0,0.0,0.0,0.06808045852839244,0.06717806658913539,0.0,0.13821636536287035,0.0,0.0,0.0,0.0,0.0,0.0,0.0,0.0,0.0,0.0,0.0,0.0,0.0,0.0,0.0,0.0,0.0,0.0,0.0,0.0,0.0,0.0,0.0,0.0,0.0,0.0,0.0,0.0,0.0,0.0,0.0,0.0,0.0,0.0,0.0,0.0,0.030017293078427574,0.029619420268846057,0.0,0.06094085200090192,0.0,0.0,0.02922682117839007,0.0,0.06013309402150852,0.0,0.0,0.0,0.0,0.0,0.0,0.12372159717708882,0.0,0.0,0.0,0.0,0.0
ZrTiHfNb0.5Mo0.5,0.0,0.0,0.0,0.0,0.0,0.0,0.0,0.0,0.0,0.0,0.0,0.0,0.0,0.0,0.0,0.0,0.0,0.0,0.0,0.0,0.0,0.0,0.0,0.0,0.0,0.0,0.0,0.0,0.0,0.0,0.0,0.0,0.0,0.0,0.0,0.0,0.0,0.0,0.0,0.0,0.0,0.0,0.0,0.0,0.0,0.10786001416031059,0.04465353987324821,0.08007277829962071,0.0,0.0,0.0,0.0,0.09213218566859994,0.0,0.0,0.09693908231217906,0.0,0.0,0.018486356030402603,0.03314975458143016,0.0,0.0,0.0,0.0,0.038142292659518115,0.0,0.0,0.040132325320014706,0.0,0.0,0.05944417747888183,0.0,0.0,0.0,0.0,0.06839680241777611,0.0,0.0,0.07196533123957312,0.0,0.0,0.0,0.0,0.0,0.0,0.0,0.0,0.0,0.0,0.0,0.0,0.0,0.0,0.0,0.0,0.0,0.0,0.0,0.0,0.0,0.0,0.0,0.0,0.0,0.0,0.0,0.0,0.0,0.0,0.0,0.0,0.0,0.0,0.0,0.0,0.07869774264499253,0.0,0.0,0.0828037118264704,0.0,0.0,0.0,0.0,0.0,0.0,0.0,0.0,0.0,0.0,0.0,0.08712390548698189,0.0,0.0,0.0,0.0,0.0
ZrTiHfNb0.5Ta0.5,0.0,0.0,0.0,0.0,0.0,0.0,0.0,0.0,0.0,0.0,0.0,0.0,0.0,0.0,0.0,0.0,0.0,0.0,0.0,0.0,0.0,0.0,0.0,0.0,0.0,0.0,0.0,0.0,0.0,0.0,0.0,0.0,0.0,0.0,0.0,0.0,0.0,0.0,0.0,0.0,0.0,0.0,0.0,0.0,0.0,0.09636748093684698,0.0,0.07228593726510169,0.0,0.0,0.0,0.04452813735530264,0.08823014971328982,0.0,0.0,0.09731752468375975,0.0,0.0,0.0,0.0,0.0,0.0,0.0,0.0,0.0,0.0,0.0,0.0,0.0,0.0,0.05422219897725159,0.0,0.0,0.0,0.03340087456998697,0.06618206686594823,0.0,0.0,0.07299857188023127,0.0,0.0,0.0,0.0,0.0,0.0,0.0,0.0,0.0,0.0,0.0,0.0,0.0,0.0,0.0,0.0,0.0,0.0,0.0,0.0,0.0,0.0,0.0,0.0,0.0,0.0,0.0,0.0,0.0,0.020574938735111976,0.0407681531894241,0.0,0.0,0.044967120278222465,0.0,0.0,0.08077993990038024,0.0,0.0,0.089099971163528,0.0,0.0,0.0,0.0,0.0,0.0,0.0,0.0,0.0,0.0,0.0,0.09827693448561421,0.0,0.0,0.0,0.0,0.0
Hf25Nb25Ti25Zr25,0.0,0.0,0.0,0.0,0.0,0.0,0.0,0.0,0.0,0.0,0.0,0.0,0.0,0.0,0.0,0.0,0.0,0.0,0.0,0.0,0.0,0.0,0.0,0.0,0.0,0.0,0.0,0.0,0.0,0.0,0.0,0.0,0.0,0.0,0.0,0.0,0.0,0.0,0.0,0.0,0.0,0.0,0.0,0.0,0.0,0.1,0.0,0.1,0.0,0.0,0.0,0.0,0.1,0.0,0.0,0.1,0.0,0.0,0.0,0.0,0.0,0.0,0.0,0.0,0.0,0.0,0.0,0.0,0.0,0.0,0.1,0.0,0.0,0.0,0.0,0.1,0.0,0.0,0.1,0.0,0.0,0.0,0.0,0.0,0.0,0.0,0.0,0.0,0.0,0.0,0.0,0.0,0.0,0.0,0.0,0.0,0.0,0.0,0.0,0.0,0.0,0.0,0.0,0.0,0.0,0.0,0.0,0.0,0.0,0.0,0.0,0.0,0.0,0.0,0.0,0.1,0.0,0.0,0.1,0.0,0.0,0.0,0.0,0.0,0.0,0.0,0.0,0.0,0.0,0.0,0.1,0.0,0.0,0.0,0.0,0.0
Ti50Nb30Cr10V10,0.0,0.0,0.0,0.0,0.0,0.0,0.0,0.0,0.0,0.0,0.0,0.0,0.0,0.0,0.0,0.0,0.014705882352941176,0.0,0.0,0.0,0.04411764705882353,0.0,0.0,0.0,0.0,0.07352941176470588,0.014705882352941176,0.0,0.0,0.0,0.0,0.0,0.0,0.0,0.0,0.0,0.0,0.0,0.0,0.0,0.0,0.0,0.0,0.0,0.0,0.0,0.0,0.0,0.0,0.0,0.0,0.0,0.0,0.0,0.0,0.0,0.0,0.0,0.0,0.0,0.0,0.0,0.0,0.0,0.0,0.0,0.0,0.0,0.0,0.0,0.1323529411764706,0.0,0.0,0.0,0.0,0.22058823529411764,0.04411764705882353,0.0,0.0,0.0,0.0,0.0,0.0,0.0,0.0,0.0,0.0,0.0,0.0,0.0,0.0,0.0,0.0,0.0,0.0,0.0,0.0,0.0,0.0,0.0,0.0,0.0,0.0,0.0,0.0,0.0,0.0,0.0,0.0,0.0,0.0,0.0,0.0,0.0,0.0,0.36764705882352944,0.07352941176470588,0.0,0.0,0.0,0.0,0.014705882352941176,0.0,0.0,0.0,0.0,0.0,0.0,0.0,0.0,0.0,0.0,0.0,0.0,0.0,0.0
Ti42.2Nb25.3Cr10V10Ni7.5Al5,0.003936332188647933,0.007872664377295866,0.0,0.0,0.0,0.01991784087455854,0.0059044982829719,0.0,0.0,0.0,0.03322264367218855,0.007872664377295866,0.0,0.0,0.0,0.0,0.015745328754591732,0.0,0.0,0.0,0.03983568174911708,0.0118089965659438,0.0,0.0,0.0,0.0664452873443771,0.015745328754591732,0.0,0.0,0.0,0.0,0.0,0.0,0.0,0.0,0.0,0.0,0.0,0.0,0.0,0.0,0.0,0.0,0.0,0.0,0.0,0.0,0.0,0.0,0.0,0.0,0.0,0.0,0.0,0.0,0.0,0.0,0.0,0.0,0.0,0.0,0.0,0.0,0.0,0.0,0.0,0.0,0.0,0.0,0.0,0.10078427482526622,0.02987676131183781,0.0,0.0,0.0,0.1681065769812741,0.03983568174911708,0.0,0.0,0.0,0.0,0.008856747424457849,0.0,0.0,0.0,0.049833965508282826,0.0118089965659438,0.0,0.0,0.0,0.0,0.0,0.0,0.0,0.0,0.0,0.0,0.0,0.0,0.0,0.0,0.0,0.0,0.0,0.0,0.0,0.0,0.0,0.0,0.0,0.0,0.0,0.0,0.0,0.0,0.2803991125932714,0.0664452873443771,0.0,0.0,0.0,0.0,0.015745328754591732,0.0,0.0,0.0,0.0,0.0,0.0,0.0,0.0,0.0,0.0,0.0,0.0,0.0,0.0
Ti39.1Nb23.4Cr10V10Ni10.5Al7 ,0.007880588181369323,0.011257983116241892,0.0,0.0,0.0,0.026343680492006024,0.011820882272053987,0.0,0.0,0.0,0.0440187139845058,0.011257983116241892,0.0,0.0,0.0,0.0,0.0160828330232027,0.0,0.0,0.0,0.037633829274294324,0.01688697467436284,0.0,0.0,0.0,0.06288387712072256,0.0160828330232027,0.0,0.0,0.0,0.0,0.0,0.0,0.0,0.0,0.0,0.0,0.0,0.0,0.0,0.0,0.0,0.0,0.0,0.0,0.0,0.0,0.0,0.0,0.0,0.0,0.0,0.0,0.0,0.0,0.0,0.0,0.0,0.0,0.0,0.0,0.0,0.0,0.0,0.0,0.0,0.0,0.0,0.0,0.0,0.0880631605018487,0.039515520738009034,0.0,0.0,0.0,0.1471482724624908,0.037633829274294324,0.0,0.0,0.0,0.0,0.01773132340808098,0.0,0.0,0.0,0.0660280709767587,0.01688697467436284,0.0,0.0,0.0,0.0,0.0,0.0,0.0,0.0,0.0,0.0,0.0,0.0,0.0,0.0,0.0,0.0,0.0,0.0,0.0,0.0,0.0,0.0,0.0,0.0,0.0,0.0,0.0,0.0,0.24587595954202526,0.06288387712072256,0.0,0.0,0.0,0.0,0.0160828330232027,0.0,0.0,0.0,0.0,0.0,0.0,0.0,0.0,0.0,0.0,0.0,0.0,0.0,0.0
Ti34.4Nb20.6Cr10V10Ni15Al10,0.016484349758339432,0.016484349758339432,0.0,0.0,0.0,0.03395776050217923,0.02472652463750915,0.0,0.0,0.0,0.05670616316868765,0.016484349758339432,0.0,0.0,0.0,0.0,0.016484349758339432,0.0,0.0,0.0,0.03395776050217923,0.02472652463750915,0.0,0.0,0.0,0.05670616316868765,0.016484349758339432,0.0,0.0,0.0,0.0,0.0,0.0,0.0,0.0,0.0,0.0,0.0,0.0,0.0,0.0,0.0,0.0,0.0,0.0,0.0,0.0,0.0,0.0,0.0,0.0,0.0,0.0,0.0,0.0,0.0,0.0,0.0,0.0,0.0,0.0,0.0,0.0,0.0,0.0,0.0,0.0,0.0,0.0,0.0,0.06995298663448923,0.05093664075326885,0.0,0.0,0.0,0.11681469612749656,0.03395776050217923,0.0,0.0,0.0,0.0,0.03708978695626373,0.0,0.0,0.0,0.08505924475303148,0.02472652463750915,0.0,0.0,0.0,0.0,0.0,0.0,0.0,0.0,0.0,0.0,0.0,0.0,0.0,0.0,0.0,0.0,0.0,0.0,0.0,0.0,0.0,0.0,0.0,0.0,0.0,0.0,0.0,0.0,0.19506920130028552,0.05670616316868765,0.0,0.0,0.0,0.0,0.016484349758339432,0.0,0.0,0.0,0.0,0.0,0.0,0.0,0.0,0.0,0.0,0.0,0.0,0.0,0.0
TiZrHfVNbTa,0.0,0.0,0.0,0.0,0.0,0.0,0.0,0.0,0.0,0.0,0.0,0.0,0.0,0.0,0.0,0.0,0.0,0.0,0.0,0.0,0.0,0.0,0.0,0.0,0.0,0.0,0.0,0.0,0.0,0.0,0.0,0.0,0.0,0.0,0.0,0.0,0.0,0.0,0.0,0.0,0.0,0.0,0.0,0.0,0.0,0.04761904761904763,0.0,0.04761904761904763,0.0,0.0,0.0,0.04761904761904763,0.04761904761904763,0.04761904761904763,0.0,0.04761904761904763,0.0,0.0,0.0,0.0,0.0,0.0,0.0,0.0,0.0,0.0,0.0,0.0,0.0,0.0,0.04761904761904763,0.0,0.0,0.0,0.04761904761904763,0.04761904761904763,0.04761904761904763,0.0,0.04761904761904763,0.0,0.0,0.0,0.0,0.0,0.0,0.0,0.0,0.0,0.0,0.0,0.0,0.0,0.0,0.0,0.0,0.0,0.0,0.0,0.0,0.0,0.0,0.0,0.0,0.0,0.0,0.0,0.0,0.0,0.04761904761904763,0.04761904761904763,0.04761904761904763,0.0,0.04761904761904763,0.0,0.0,0.04761904761904763,0.04761904761904763,0.0,0.04761904761904763,0.0,0.0,0.04761904761904763,0.0,0.04761904761904763,0.0,0.0,0.0,0.0,0.0,0.0,0.04761904761904763,0.0,0.0,0.0,0.0,0.0
TiZrHfV0.5Nb0.5Ta0.5,0.0,0.0,0.0,0.0,0.0,0.0,0.0,0.0,0.0,0.0,0.0,0.0,0.0,0.0,0.0,0.0,0.0,0.0,0.0,0.0,0.0,0.0,0.0,0.0,0.0,0.0,0.0,0.0,0.0,0.0,0.0,0.0,0.0,0.0,0.0,0.0,0.0,0.0,0.0,0.0,0.0,0.0,0.0,0.0,0.0,0.08333333333333333,0.0,0.041666666666666664,0.0,0.0,0.0,0.041666666666666664,0.08333333333333333,0.041666666666666664,0.0,0.08333333333333333,0.0,0.0,0.0,0.0,0.0,0.0,0.0,0.0,0.0,0.0,0.0,0.0,0.0,0.0,0.020833333333333332,0.0,0.0,0.0,0.020833333333333332,0.041666666666666664,0.020833333333333332,0.0,0.041666666666666664,0.0,0.0,0.0,0.0,0.0,0.0,0.0,0.0,0.0,0.0,0.0,0.0,0.0,0.0,0.0,0.0,0.0,0.0,0.0,0.0,0.0,0.0,0.0,0.0,0.0,0.0,0.0,0.0,0.0,0.020833333333333332,0.041666666666666664,0.020833333333333332,0.0,0.041666666666666664,0.0,0.0,0.08333333333333333,0.041666666666666664,0.0,0.08333333333333333,0.0,0.0,0.020833333333333332,0.0,0.041666666666666664,0.0,0.0,0.0,0.0,0.0,0.0,0.08333333333333333,0.0,0.0,0.0,0.0,0.0
TiZrHfV0.1Nb0.1Ta0.1,0.0,0.0,0.0,0.0,0.0,0.0,0.0,0.0,0.0,0.0,0.0,0.0,0.0,0.0,0.0,0.0,0.0,0.0,0.0,0.0,0.0,0.0,0.0,0.0,0.0,0.0,0.0,0.0,0.0,0.0,0.0,0.0,0.0,0.0,0.0,0.0,0.0,0.0,0.0,0.0,0.0,0.0,0.0,0.0,0.0,0.1436781609195402,0.0,0.01436781609195402,0.0,0.0,0.0,0.01436781609195402,0.1436781609195402,0.01436781609195402,0.0,0.1436781609195402,0.0,0.0,0.0,0.0,0.0,0.0,0.0,0.0,0.0,0.0,0.0,0.0,0.0,0.0,0.0014367816091954018,0.0,0.0,0.0,0.0014367816091954018,0.01436781609195402,0.0014367816091954018,0.0,0.01436781609195402,0.0,0.0,0.0,0.0,0.0,0.0,0.0,0.0,0.0,0.0,0.0,0.0,0.0,0.0,0.0,0.0,0.0,0.0,0.0,0.0,0.0,0.0,0.0,0.0,0.0,0.0,0.0,0.0,0.0,0.0014367816091954018,0.01436781609195402,0.0014367816091954018,0.0,0.01436781609195402,0.0,0.0,0.1436781609195402,0.01436781609195402,0.0,0.1436781609195402,0.0,0.0,0.0014367816091954018,0.0,0.01436781609195402,0.0,0.0,0.0,0.0,0.0,0.0,0.1436781609195402,0.0,0.0,0.0,0.0,0.0
CrHfNbTaTi,0.0,0.0,0.0,0.0,0.0,0.0,0.0,0.0,0.0,0.0,0.0,0.0,0.0,0.0,0.0,0.0,0.06666666666666667,0.0,0.06666666666666667,0.0,0.06666666666666667,0.0,0.0,0.0,0.06666666666666667,0.06666666666666667,0.0,0.0,0.0,0.0,0.0,0.0,0.0,0.0,0.0,0.0,0.0,0.0,0.0,0.0,0.0,0.0,0.0,0.0,0.0,0.06666666666666667,0.0,0.06666666666666667,0.0,0.0,0.0,0.06666666666666667,0.06666666666666667,0.0,0.0,0.0,0.0,0.0,0.0,0.0,0.0,0.0,0.0,0.0,0.0,0.0,0.0,0.0,0.0,0.0,0.06666666666666667,0.0,0.0,0.0,0.06666666666666667,0.06666666666666667,0.0,0.0,0.0,0.0,0.0,0.0,0.0,0.0,0.0,0.0,0.0,0.0,0.0,0.0,0.0,0.0,0.0,0.0,0.0,0.0,0.0,0.0,0.0,0.0,0.0,0.0,0.0,0.0,0.0,0.0,0.0,0.0,0.06666666666666667,0.06666666666666667,0.0,0.0,0.0,0.0,0.0,0.06666666666666667,0.0,0.0,0.0,0.0,0.0,0.0,0.0,0.0,0.0,0.0,0.0,0.0,0.0,0.0,0.0,0.0,0.0,0.0,0.0,0.0
Nb0.5TiV2Zr0.5,0.0,0.0,0.0,0.0,0.0,0.0,0.0,0.0,0.0,0.0,0.0,0.0,0.0,0.0,0.0,0.0,0.0,0.0,0.0,0.0,0.0,0.0,0.0,0.0,0.0,0.0,0.0,0.0,0.0,0.0,0.0,0.0,0.0,0.0,0.0,0.0,0.0,0.0,0.0,0.0,0.0,0.0,0.0,0.0,0.0,0.0,0.0,0.0,0.0,0.0,0.0,0.0,0.0,0.0,0.0,0.0,0.0,0.0,0.0,0.0,0.0,0.0,0.0,0.0,0.0,0.0,0.0,0.0,0.0,0.0,0.023255813953488372,0.0,0.0,0.0,0.0,0.046511627906976744,0.09302325581395349,0.0,0.023255813953488372,0.0,0.0,0.0,0.0,0.0,0.0,0.0,0.0,0.0,0.0,0.0,0.0,0.0,0.0,0.0,0.0,0.0,0.0,0.0,0.0,0.0,0.0,0.0,0.0,0.0,0.0,0.0,0.0,0.0,0.0,0.0,0.0,0.0,0.0,0.0,0.0,0.09302325581395349,0.18604651162790697,0.0,0.046511627906976744,0.0,0.0,0.37209302325581395,0.0,0.09302325581395349,0.0,0.0,0.0,0.0,0.0,0.0,0.023255813953488372,0.0,0.0,0.0,0.0,0.0
Al0.2Nb0.5TiV2Zr0.5,0.003463004838137182,0.0,0.0,0.0,0.0,0.008639362174807645,0.0,0.0,0.0,0.0,0.017285984317829416,0.03457196863565883,0.0,0.008639362174807645,0.0,0.0,0.0,0.0,0.0,0.0,0.0,0.0,0.0,0.0,0.0,0.0,0.0,0.0,0.0,0.0,0.0,0.0,0.0,0.0,0.0,0.0,0.0,0.0,0.0,0.0,0.0,0.0,0.0,0.0,0.0,0.0,0.0,0.0,0.0,0.0,0.0,0.0,0.0,0.0,0.0,0.0,0.0,0.0,0.0,0.0,0.0,0.0,0.0,0.0,0.0,0.0,0.0,0.0,0.0,0.0,0.021553125761050524,0.0,0.0,0.0,0.0,0.04312436339248848,0.08624872678497696,0.0,0.021553125761050524,0.0,0.0,0.0,0.0,0.0,0.0,0.0,0.0,0.0,0.0,0.0,0.0,0.0,0.0,0.0,0.0,0.0,0.0,0.0,0.0,0.0,0.0,0.0,0.0,0.0,0.0,0.0,0.0,0.0,0.0,0.0,0.0,0.0,0.0,0.0,0.0,0.08628496574581097,0.17256993149162195,0.0,0.04312436339248848,0.0,0.0,0.3451398629832439,0.0,0.08624872678497696,0.0,0.0,0.0,0.0,0.0,0.0,0.021553125761050524,0.0,0.0,0.0,0.0,0.0
Al0.4Nb0.5TiV2Zr0.5,0.003463004838137182,0.0,0.0,0.0,0.0,0.008639362174807645,0.0,0.0,0.0,0.0,0.017285984317829416,0.03457196863565883,0.0,0.008639362174807645,0.0,0.0,0.0,0.0,0.0,0.0,0.0,0.0,0.0,0.0,0.0,0.0,0.0,0.0,0.0,0.0,0.0,0.0,0.0,0.0,0.0,0.0,0.0,0.0,0.0,0.0,0.0,0.0,0.0,0.0,0.0,0.0,0.0,0.0,0.0,0.0,0.0,0.0,0.0,0.0,0.0,0.0,0.0,0.0,0.0,0.0,0.0,0.0,0.0,0.0,0.0,0.0,0.0,0.0,0.0,0.0,0.021553125761050524,0.0,0.0,0.0,0.0,0.04312436339248848,0.08624872678497696,0.0,0.021553125761050524,0.0,0.0,0.0,0.0,0.0,0.0,0.0,0.0,0.0,0.0,0.0,0.0,0.0,0.0,0.0,0.0,0.0,0.0,0.0,0.0,0.0,0.0,0.0,0.0,0.0,0.0,0.0,0.0,0.0,0.0,0.0,0.0,0.0,0.0,0.0,0.0,0.08628496574581097,0.17256993149162195,0.0,0.04312436339248848,0.0,0.0,0.3451398629832439,0.0,0.08624872678497696,0.0,0.0,0.0,0.0,0.0,0.0,0.021553125761050524,0.0,0.0,0.0,0.0,0.0
Al0.6Nb0.5TiV2Zr0.5,0.026632473924141743,0.0,0.0,0.0,0.0,0.022200536162225514,0.0,0.0,0.0,0.0,0.04440107232445103,0.08880214464890206,0.0,0.022200536162225514,0.0,0.0,0.0,0.0,0.0,0.0,0.0,0.0,0.0,0.0,0.0,0.0,0.0,0.0,0.0,0.0,0.0,0.0,0.0,0.0,0.0,0.0,0.0,0.0,0.0,0.0,0.0,0.0,0.0,0.0,0.0,0.0,0.0,0.0,0.0,0.0,0.0,0.0,0.0,0.0,0.0,0.0,0.0,0.0,0.0,0.0,0.0,0.0,0.0,0.0,0.0,0.0,0.0,0.0,0.0,0.0,0.018506121785536147,0.0,0.0,0.0,0.0,0.037012243571072294,0.07402448714214459,0.0,0.018506121785536147,0.0,0.0,0.0,0.0,0.0,0.0,0.0,0.0,0.0,0.0,0.0,0.0,0.0,0.0,0.0,0.0,0.0,0.0,0.0,0.0,0.0,0.0,0.0,0.0,0.0,0.0,0.0,0.0,0.0,0.0,0.0,0.0,0.0,0.0,0.0,0.0,0.07402448714214459,0.14804897428428918,0.0,0.037012243571072294,0.0,0.0,0.29609794856857835,0.0,0.07402448714214459,0.0,0.0,0.0,0.0,0.0,0.0,0.018506121785536147,0.0,0.0,0.0,0.0,0.0
Al0.8Nb0.5TiV2Zr0.5,0.043830383328803,0.0,0.0,0.0,0.0,0.02741372114562588,0.0,0.0,0.0,0.0,0.05480113353775308,0.10962857582900486,0.0,0.02741372114562588,0.0,0.0,0.0,0.0,0.0,0.0,0.0,0.0,0.0,0.0,0.0,0.0,0.0,0.0,0.0,0.0,0.0,0.0,0.0,0.0,0.0,0.0,0.0,0.0,0.0,0.0,0.0,0.0,0.0,0.0,0.0,0.0,0.0,0.0,0.0,0.0,0.0,0.0,0.0,0.0,0.0,0.0,0.0,0.0,0.0,0.0,0.0,0.0,0.0,0.0,0.0,0.0,0.0,0.0,0.0,0.0,0.017145916826976092,0.0,0.0,0.0,0.0,0.03427537883933896,0.06856721249329116,0.0,0.017145916826976092,0.0,0.0,0.0,0.0,0.0,0.0,0.0,0.0,0.0,0.0,0.0,0.0,0.0,0.0,0.0,0.0,0.0,0.0,0.0,0.0,0.0,0.0,0.0,0.0,0.0,0.0,0.0,0.0,0.0,0.0,0.0,0.0,0.0,0.0,0.0,0.0,0.06851786384102021,0.13706862151969815,0.0,0.03427537883933896,0.0,0.0,0.27420304650628047,0.0,0.06856721249329116,0.0,0.0,0.0,0.0,0.0,0.0,0.017145916826976092,0.0,0.0,0.0,0.0,0.0
Al1.0Nb0.5TiV2Zr0.5,0.06349206349206349,0.0,0.0,0.0,0.0,0.031746031746031744,0.0,0.0,0.0,0.0,0.06349206349206349,0.12698412698412698,0.0,0.031746031746031744,0.0,0.0,0.0,0.0,0.0,0.0,0.0,0.0,0.0,0.0,0.0,0.0,0.0,0.0,0.0,0.0,0.0,0.0,0.0,0.0,0.0,0.0,0.0,0.0,0.0,0.0,0.0,0.0,0.0,0.0,0.0,0.0,0.0,0.0,0.0,0.0,0.0,0.0,0.0,0.0,0.0,0.0,0.0,0.0,0.0,0.0,0.0,0.0,0.0,0.0,0.0,0.0,0.0,0.0,0.0,0.0,0.015873015873015872,0.0,0.0,0.0,0.0,0.031746031746031744,0.06349206349206349,0.0,0.015873015873015872,0.0,0.0,0.0,0.0,0.0,0.0,0.0,0.0,0.0,0.0,0.0,0.0,0.0,0.0,0.0,0.0,0.0,0.0,0.0,0.0,0.0,0.0,0.0,0.0,0.0,0.0,0.0,0.0,0.0,0.0,0.0,0.0,0.0,0.0,0.0,0.0,0.06349206349206349,0.12698412698412698,0.0,0.031746031746031744,0.0,0.0,0.25396825396825395,0.0,0.06349206349206349,0.0,0.0,0.0,0.0,0.0,0.0,0.015873015873015872,0.0,0.0,0.0,0.0,0.0
Nb40Ti25Al15V10Ta5Hf3W2,0.03574833174451859,0.0,0.0,0.007149666348903718,0.0,0.09532888465204957,0.0,0.0,0.0,0.011916110581506196,0.05958055290753098,0.023832221163012392,0.004766444232602479,0.0,0.0,0.0,0.0,0.0,0.0,0.0,0.0,0.0,0.0,0.0,0.0,0.0,0.0,0.0,0.0,0.0,0.0,0.0,0.0,0.0,0.0,0.0,0.0,0.0,0.0,0.0,0.0,0.0,0.0,0.0,0.0,0.0014299332697807435,0.0,0.019065776930409915,0.0,0.0,0.0,0.0023832221163012394,0.011916110581506196,0.004766444232602479,0.0009532888465204957,0.0,0.0,0.0,0.0,0.0,0.0,0.0,0.0,0.0,0.0,0.0,0.0,0.0,0.0,0.0,0.2542103590721322,0.0,0.0,0.0,0.03177629488401652,0.15888147442008263,0.06355258976803305,0.01271051795360661,0.0,0.0,0.0,0.0,0.0,0.0,0.0,0.0,0.0,0.0,0.0,0.0,0.0,0.0,0.0,0.0,0.0,0.0,0.0,0.0,0.0,0.0,0.0,0.0,0.0,0.0,0.0,0.0,0.0,0.0,0.003972036860502065,0.01986018430251033,0.00794407372100413,0.0015888147442008262,0.0,0.0,0.0,0.09930092151255164,0.03972036860502066,0.00794407372100413,0.0,0.0,0.0,0.01588814744200826,0.0031776294884016524,0.0,0.0,0.0,0.0006355258976803305,0.0,0.0,0.0,0.0,0.0,0.0,0.0,0.0,0.0
Ti40Al10V20Nb20Mo10,0.015873015873015872,0.0,0.0,0.0,0.015873015873015872,0.031746031746031744,0.0,0.0,0.0,0.0,0.06349206349206349,0.031746031746031744,0.0,0.0,0.0,0.0,0.0,0.0,0.0,0.0,0.0,0.0,0.0,0.0,0.0,0.0,0.0,0.0,0.0,0.0,0.0,0.0,0.0,0.0,0.0,0.0,0.0,0.0,0.0,0.0,0.0,0.0,0.0,0.0,0.0,0.0,0.0,0.0,0.0,0.0,0.0,0.0,0.0,0.0,0.0,0.0,0.0,0.0,0.015873015873015872,0.031746031746031744,0.0,0.0,0.0,0.0,0.06349206349206349,0.031746031746031744,0.0,0.0,0.0,0.0,0.06349206349206349,0.0,0.0,0.0,0.0,0.12698412698412698,0.06349206349206349,0.0,0.0,0.0,0.0,0.0,0.0,0.0,0.0,0.0,0.0,0.0,0.0,0.0,0.0,0.0,0.0,0.0,0.0,0.0,0.0,0.0,0.0,0.0,0.0,0.0,0.0,0.0,0.0,0.0,0.0,0.0,0.0,0.0,0.0,0.0,0.0,0.0,0.0,0.25396825396825395,0.12698412698412698,0.0,0.0,0.0,0.0,0.06349206349206349,0.0,0.0,0.0,0.0,0.0,0.0,0.0,0.0,0.0,0.0,0.0,0.0,0.0,0.0
Ti35Al15V20Nb20Mo10,0.03643724696356275,0.0,0.0,0.0,0.024291497975708502,0.048582995951417005,0.0,0.0,0.0,0.0,0.08502024291497975,0.048582995951417005,0.0,0.0,0.0,0.0,0.0,0.0,0.0,0.0,0.0,0.0,0.0,0.0,0.0,0.0,0.0,0.0,0.0,0.0,0.0,0.0,0.0,0.0,0.0,0.0,0.0,0.0,0.0,0.0,0.0,0.0,0.0,0.0,0.0,0.0,0.0,0.0,0.0,0.0,0.0,0.0,0.0,0.0,0.0,0.0,0.0,0.0,0.016194331983805668,0.032388663967611336,0.0,0.0,0.0,0.0,0.05668016194331984,0.032388663967611336,0.0,0.0,0.0,0.0,0.06477732793522267,0.0,0.0,0.0,0.0,0.11336032388663968,0.06477732793522267,0.0,0.0,0.0,0.0,0.0,0.0,0.0,0.0,0.0,0.0,0.0,0.0,0.0,0.0,0.0,0.0,0.0,0.0,0.0,0.0,0.0,0.0,0.0,0.0,0.0,0.0,0.0,0.0,0.0,0.0,0.0,0.0,0.0,0.0,0.0,0.0,0.0,0.0,0.19838056680161945,0.11336032388663968,0.0,0.0,0.0,0.0,0.06477732793522267,0.0,0.0,0.0,0.0,0.0,0.0,0.0,0.0,0.0,0.0,0.0,0.0,0.0,0.0
Ti30Al20V20Nb20Mo10,0.06557377049180328,0.0,0.0,0.0,0.03278688524590164,0.06557377049180328,0.0,0.0,0.0,0.0,0.09836065573770492,0.06557377049180328,0.0,0.0,0.0,0.0,0.0,0.0,0.0,0.0,0.0,0.0,0.0,0.0,0.0,0.0,0.0,0.0,0.0,0.0,0.0,0.0,0.0,0.0,0.0,0.0,0.0,0.0,0.0,0.0,0.0,0.0,0.0,0.0,0.0,0.0,0.0,0.0,0.0,0.0,0.0,0.0,0.0,0.0,0.0,0.0,0.0,0.0,0.01639344262295082,0.03278688524590164,0.0,0.0,0.0,0.0,0.04918032786885246,0.03278688524590164,0.0,0.0,0.0,0.0,0.06557377049180328,0.0,0.0,0.0,0.0,0.09836065573770492,0.06557377049180328,0.0,0.0,0.0,0.0,0.0,0.0,0.0,0.0,0.0,0.0,0.0,0.0,0.0,0.0,0.0,0.0,0.0,0.0,0.0,0.0,0.0,0.0,0.0,0.0,0.0,0.0,0.0,0.0,0.0,0.0,0.0,0.0,0.0,0.0,0.0,0.0,0.0,0.0,0.14754098360655737,0.09836065573770492,0.0,0.0,0.0,0.0,0.06557377049180328,0.0,0.0,0.0,0.0,0.0,0.0,0.0,0.0,0.0,0.0,0.0,0.0,0.0,0.0
Al0.5CoCrCuFeNi,0.013244467214188824,0.027392297428685354,0.027392297428685354,0.0,0.0,0.0,0.027392297428685354,0.0,0.0,0.0,0.0,0.0,0.0,0.0,0.027392297428685354,0.027392297428685354,0.05665293637615894,0.05665293637615894,0.0,0.0,0.0,0.05665293637615894,0.0,0.0,0.0,0.0,0.0,0.0,0.0,0.05665293637615894,0.05665293637615894,0.05665293637615894,0.0,0.0,0.0,0.05665293637615894,0.0,0.0,0.0,0.0,0.0,0.0,0.0,0.05665293637615894,0.05665293637615894,0.0,0.0,0.0,0.0,0.0,0.0,0.0,0.0,0.0,0.0,0.0,0.0,0.0,0.0,0.0,0.0,0.0,0.0,0.0,0.0,0.0,0.0,0.0,0.0,0.0,0.0,0.0,0.0,0.0,0.0,0.0,0.0,0.0,0.0,0.0,0.0,0.05665293637615894,0.0,0.0,0.0,0.0,0.0,0.0,0.0,0.05665293637615894,0.05665293637615894,0.0,0.0,0.0,0.0,0.0,0.0,0.0,0.0,0.0,0.0,0.0,0.0,0.0,0.0,0.0,0.0,0.0,0.0,0.0,0.0,0.0,0.0,0.0,0.0,0.0,0.0,0.0,0.0,0.0,0.0,0.0,0.0,0.0,0.0,0.0,0.0,0.0,0.0,0.0,0.0,0.0,0.0,0.05665293637615894,0.05665293637615894,0.05665293637615894
NbTaTiV,0.0,0.0,0.0,0.0,0.0,0.0,0.0,0.0,0.0,0.0,0.0,0.0,0.0,0.0,0.0,0.0,0.0,0.0,0.0,0.0,0.0,0.0,0.0,0.0,0.0,0.0,0.0,0.0,0.0,0.0,0.0,0.0,0.0,0.0,0.0,0.0,0.0,0.0,0.0,0.0,0.0,0.0,0.0,0.0,0.0,0.0,0.0,0.0,0.0,0.0,0.0,0.0,0.0,0.0,0.0,0.0,0.0,0.0,0.0,0.0,0.0,0.0,0.0,0.0,0.0,0.0,0.0,0.0,0.0,0.0,0.1,0.0,0.0,0.0,0.1,0.1,0.1,0.0,0.0,0.0,0.0,0.0,0.0,0.0,0.0,0.0,0.0,0.0,0.0,0.0,0.0,0.0,0.0,0.0,0.0,0.0,0.0,0.0,0.0,0.0,0.0,0.0,0.0,0.0,0.0,0.0,0.0,0.0,0.1,0.1,0.1,0.0,0.0,0.0,0.0,0.1,0.1,0.0,0.0,0.0,0.0,0.1,0.0,0.0,0.0,0.0,0.0,0.0,0.0,0.0,0.0,0.0,0.0,0.0,0.0,0.0
(VNbTiTa)97.5Si2.5,0.0,0.0,0.0,0.0,0.0,0.0,0.0,0.0,0.0,0.0,0.0,0.0,0.0,0.0,0.0,0.0,0.0,0.0,0.0,0.0,0.0,0.0,0.0,0.0,0.0,0.0,0.0,0.0,0.0,0.0,0.0,0.0,0.0,0.0,0.0,0.0,0.0,0.0,0.0,0.0,0.0,0.0,0.0,0.0,0.0,0.0,0.0,0.0,0.0,0.0,0.0,0.0,0.0,0.0,0.0,0.0,0.0,0.0,0.0,0.0,0.0,0.0,0.0,0.0,0.0,0.0,0.0,0.0,0.0,0.0,0.09596295965026203,0.0,0.0,0.009840336305400127,0.09596295965026203,0.09596295965026203,0.09596295965026203,0.0,0.0,0.0,0.0,0.0,0.0,0.0,0.0,0.0,0.0,0.0,0.0,0.0,0.0,0.0,0.0,0.0,0.0,0.0,0.0,0.0,0.0,0.0,0.0010090582757793403,0.009840336305400127,0.009840336305400127,0.009840336305400127,0.0,0.0,0.0,0.0,0.09596295965026203,0.09596295965026203,0.09596295965026203,0.0,0.0,0.0,0.0,0.09596295965026203,0.09596295965026203,0.0,0.0,0.0,0.0,0.09596295965026203,0.0,0.0,0.0,0.0,0.0,0.0,0.0,0.0,0.0,0.0,0.0,0.0,0.0,0.0
(VNbTiTa)95Si5,0.0,0.0,0.0,0.0,0.0,0.0,0.0,0.0,0.0,0.0,0.0,0.0,0.0,0.0,0.0,0.0,0.0,0.0,0.0,0.0,0.0,0.0,0.0,0.0,0.0,0.0,0.0,0.0,0.0,0.0,0.0,0.0,0.0,0.0,0.0,0.0,0.0,0.0,0.0,0.0,0.0,0.0,0.0,0.0,0.0,0.0,0.0,0.0,0.0,0.0,0.0,0.0,0.0,0.0,0.0,0.0,0.0,0.0,0.0,0.0,0.0,0.0,0.0,0.0,0.0,0.0,0.0,0.0,0.0,0.0,0.09185750636132316,0.0,0.0,0.019338422391857506,0.09185750636132316,0.09185750636132316,0.09185750636132316,0.0,0.0,0.0,0.0,0.0,0.0,0.0,0.0,0.0,0.0,0.0,0.0,0.0,0.0,0.0,0.0,0.0,0.0,0.0,0.0,0.0,0.0,0.0,0.004071246819338422,0.019338422391857506,0.019338422391857506,0.019338422391857506,0.0,0.0,0.0,0.0,0.09185750636132316,0.09185750636132316,0.09185750636132316,0.0,0.0,0.0,0.0,0.09185750636132316,0.09185750636132316,0.0,0.0,0.0,0.0,0.09185750636132316,0.0,0.0,0.0,0.0,0.0,0.0,0.0,0.0,0.0,0.0,0.0,0.0,0.0,0.0
(VNbTiTa)90Si10,0.0,0.0,0.0,0.0,0.0,0.0,0.0,0.0,0.0,0.0,0.0,0.0,0.0,0.0,0.0,0.0,0.0,0.0,0.0,0.0,0.0,0.0,0.0,0.0,0.0,0.0,0.0,0.0,0.0,0.0,0.0,0.0,0.0,0.0,0.0,0.0,0.0,0.0,0.0,0.0,0.0,0.0,0.0,0.0,0.0,0.0,0.0,0.0,0.0,0.0,0.0,0.0,0.0,0.0,0.0,0.0,0.0,0.0,0.0,0.0,0.0,0.0,0.0,0.0,0.0,0.0,0.0,0.0,0.0,0.0,0.08350515463917525,0.0,0.0,0.03711340206185567,0.08350515463917525,0.08350515463917525,0.08350515463917525,0.0,0.0,0.0,0.0,0.0,0.0,0.0,0.0,0.0,0.0,0.0,0.0,0.0,0.0,0.0,0.0,0.0,0.0,0.0,0.0,0.0,0.0,0.0,0.016494845360824743,0.03711340206185567,0.03711340206185567,0.03711340206185567,0.0,0.0,0.0,0.0,0.08350515463917525,0.08350515463917525,0.08350515463917525,0.0,0.0,0.0,0.0,0.08350515463917525,0.08350515463917525,0.0,0.0,0.0,0.0,0.08350515463917525,0.0,0.0,0.0,0.0,0.0,0.0,0.0,0.0,0.0,0.0,0.0,0.0,0.0,0.0
